DATE,VALUE
1997-12-01,5.69531
1997-12-02,5.68750
1997-12-03,5.68750
1997-12-04,5.67578
1997-12-05,5.65234
1997-12-08,5.62500
1997-12-09,5.62500
1997-12-10,5.62500
1997-12-11,5.62500
1997-12-12,5.62500
1997-12-15,5.62500
1997-12-16,5.62500
1997-12-17,5.62500
1997-12-18,5.62500
1997-12-19,5.62500
1997-12-22,5.62500
1997-12-23,6.75000
1997-12-24,6.75000
1997-12-25,.
1997-12-26,.
1997-12-29,6.25000
1997-12-30,5.75000
1997-12-31,5.73828
1998-01-01,.
1998-01-02,5.68750
1998-01-05,5.68750
1998-01-06,5.63672
1998-01-07,5.59375
1998-01-08,5.58984
1998-01-09,5.57031
1998-01-12,5.58594
1998-01-13,5.59375
1998-01-14,5.59375
1998-01-15,5.56250
1998-01-16,5.56641
1998-01-19,5.57813
1998-01-20,5.58203
1998-01-21,5.56250
1998-01-22,5.57813
1998-01-23,5.57813
1998-01-26,5.62500
1998-01-27,5.62500
1998-01-28,5.62500
1998-01-29,5.62500
1998-01-30,5.59766
1998-02-02,5.61328
1998-02-03,5.62109
1998-02-04,5.60156
1998-02-05,5.58984
1998-02-06,5.58984
1998-02-09,5.59375
1998-02-10,5.58594
1998-02-11,5.57422
1998-02-12,5.58203
1998-02-13,5.61328
1998-02-16,5.60938
1998-02-17,5.60547
1998-02-18,5.57031
1998-02-19,5.60938
1998-02-20,5.62500
1998-02-23,5.63281
1998-02-24,5.67188
1998-02-25,5.65625
1998-02-26,5.64063
1998-02-27,5.64063
1998-03-02,5.62891
1998-03-03,5.62500
1998-03-04,5.62500
1998-03-05,5.62500
1998-03-06,5.62500
1998-03-09,5.62500
1998-03-10,5.62500
1998-03-11,5.61719
1998-03-12,5.59766
1998-03-13,5.60938
1998-03-16,5.59375
1998-03-17,5.59766
1998-03-18,5.59375
1998-03-19,5.59766
1998-03-20,5.59766
1998-03-23,5.68750
1998-03-24,5.68750
1998-03-25,5.68750
1998-03-26,5.69531
1998-03-27,5.73047
1998-03-30,5.65625
1998-03-31,5.65625
1998-04-01,5.64844
1998-04-02,5.64844
1998-04-03,5.62500
1998-04-06,5.62500
1998-04-07,5.62500
1998-04-08,5.62500
1998-04-09,5.62500
1998-04-10,.
1998-04-13,.
1998-04-14,5.62500
1998-04-15,5.62500
1998-04-16,5.62500
1998-04-17,5.61719
1998-04-20,5.62109
1998-04-21,5.62500
1998-04-22,5.62500
1998-04-23,5.62500
1998-04-24,5.62500
1998-04-27,5.62500
1998-04-28,5.62500
1998-04-29,5.62500
1998-04-30,5.62500
1998-05-01,5.62500
1998-05-04,.
1998-05-05,5.62500
1998-05-06,5.62500
1998-05-07,5.61719
1998-05-08,5.58984
1998-05-11,5.60938
1998-05-12,5.60547
1998-05-13,5.61719
1998-05-14,5.60547
1998-05-15,5.62109
1998-05-18,5.62109
1998-05-19,5.62500
1998-05-20,5.59375
1998-05-21,5.62109
1998-05-22,5.62109
1998-05-25,.
1998-05-26,5.62500
1998-05-27,5.62500
1998-05-28,5.62500
1998-05-29,5.62500
1998-06-01,5.62500
1998-06-02,5.62500
1998-06-03,5.62500
1998-06-04,5.61328
1998-06-05,5.61719
1998-06-08,5.61719
1998-06-09,5.62500
1998-06-10,5.59766
1998-06-11,5.61719
1998-06-12,5.61719
1998-06-15,5.62109
1998-06-16,5.61719
1998-06-17,5.62500
1998-06-18,5.61719
1998-06-19,5.60547
1998-06-22,5.66016
1998-06-23,5.67188
1998-06-24,5.67578
1998-06-25,5.68750
1998-06-26,5.69922
1998-06-29,5.67969
1998-06-30,5.66797
1998-07-01,5.63672
1998-07-02,5.62500
1998-07-03,5.62500
1998-07-06,5.62500
1998-07-07,5.64844
1998-07-08,5.62500
1998-07-09,5.62500
1998-07-10,5.62500
1998-07-13,5.62500
1998-07-14,5.62109
1998-07-15,5.62500
1998-07-16,5.62500
1998-07-17,5.61328
1998-07-20,5.62109
1998-07-21,5.60938
1998-07-22,5.59766
1998-07-23,5.62500
1998-07-24,5.67188
1998-07-27,5.67969
1998-07-28,5.69922
1998-07-29,5.68359
1998-07-30,5.64844
1998-07-31,5.62500
1998-08-03,5.62500
1998-08-04,5.62500
1998-08-05,5.60938
1998-08-06,5.62109
1998-08-07,5.61328
1998-08-10,5.62500
1998-08-11,5.62500
1998-08-12,5.62500
1998-08-13,5.62500
1998-08-14,5.62500
1998-08-17,5.62500
1998-08-18,5.62500
1998-08-19,5.62500
1998-08-20,5.63281
1998-08-21,5.63281
1998-08-24,5.63672
1998-08-25,5.64844
1998-08-26,5.66406
1998-08-27,5.64063
1998-08-28,5.62500
1998-08-31,.
1998-09-01,5.62500
1998-09-02,5.62500
1998-09-03,5.62500
1998-09-04,5.62500
1998-09-07,5.62500
1998-09-08,5.62500
1998-09-09,5.62500
1998-09-10,5.62500
1998-09-11,5.62109
1998-09-14,5.62500
1998-09-15,5.62500
1998-09-16,5.62500
1998-09-17,5.62500
1998-09-18,5.62500
1998-09-21,5.62500
1998-09-22,5.67578
1998-09-23,5.69922
1998-09-24,5.66016
1998-09-25,5.56250
1998-09-28,5.50000
1998-09-29,5.37500
1998-09-30,5.37500
1998-10-01,5.36328
1998-10-02,5.39063
1998-10-05,5.39453
1998-10-06,5.43750
1998-10-07,5.43750
1998-10-08,5.42578
1998-10-09,5.37500
1998-10-12,5.37500
1998-10-13,5.37688
1998-10-14,5.37625
1998-10-15,5.37688
1998-10-16,5.22313
1998-10-19,5.24625
1998-10-20,5.25000
1998-10-21,5.25000
1998-10-22,5.25781
1998-10-23,5.25391
1998-10-26,5.25000
1998-10-27,5.25000
1998-10-28,5.25875
1998-10-29,5.23875
1998-10-30,5.25000
1998-11-02,5.27250
1998-11-03,5.27250
1998-11-04,5.26516
1998-11-05,5.25750
1998-11-06,5.25000
1998-11-09,5.25750
1998-11-10,5.25000
1998-11-11,5.25000
1998-11-12,5.25000
1998-11-13,5.25000
1998-11-16,5.25891
1998-11-17,5.25000
1998-11-18,4.99609
1998-11-19,4.93906
1998-11-20,5.00000
1998-11-23,5.00000
1998-11-24,5.00000
1998-11-25,5.01125
1998-11-26,5.05281
1998-11-27,5.06000
1998-11-30,5.12625
1998-12-01,5.06094
1998-12-02,5.00000
1998-12-03,4.93750
1998-12-04,4.86750
1998-12-07,4.89656
1998-12-08,4.93188
1998-12-09,4.91578
1998-12-10,4.93375
1998-12-11,5.00000
1998-12-14,5.01906
1998-12-15,5.01906
1998-12-16,5.00000
1998-12-17,4.98234
1998-12-18,4.93469
1998-12-21,4.93563
1998-12-22,5.05281
1998-12-23,7.25000
1998-12-24,7.25000
1998-12-25,.
1998-12-28,.
1998-12-29,7.27969
1998-12-30,5.12313
1998-12-31,5.13250
1999-01-01,.
1999-01-04,5.06094
1999-01-05,5.04906
1999-01-06,4.97844
1999-01-07,4.94125
1999-01-08,4.94391
1999-01-11,4.99750
1999-01-12,5.00000
1999-01-13,5.00000
1999-01-14,4.96094
1999-01-15,4.92422
1999-01-18,4.93438
1999-01-19,4.91859
1999-01-20,4.87563
1999-01-21,4.91188
1999-01-22,4.91750
1999-01-25,4.93688
1999-01-26,4.93688
1999-01-27,4.94219
1999-01-28,4.91281
1999-01-29,4.90484
1999-02-01,4.87563
1999-02-02,4.87375
1999-02-03,4.86688
1999-02-04,4.84969
1999-02-05,4.87063
1999-02-08,4.91484
1999-02-09,4.91031
1999-02-10,4.88875
1999-02-11,4.88563
1999-02-12,4.88875
1999-02-15,4.87750
1999-02-16,4.87813
1999-02-17,4.86297
1999-02-18,4.88688
1999-02-19,4.88688
1999-02-22,4.88250
1999-02-23,4.88188
1999-02-24,4.89125
1999-02-25,4.89000
1999-02-26,4.89375
1999-03-01,4.88875
1999-03-02,4.87938
1999-03-03,4.86734
1999-03-04,4.85672
1999-03-05,4.85625
1999-03-08,4.87125
1999-03-09,4.87250
1999-03-10,4.85250
1999-03-11,4.84531
1999-03-12,4.84781
1999-03-15,4.85375
1999-03-16,4.85125
1999-03-17,4.83750
1999-03-18,4.83750
1999-03-19,4.84125
1999-03-22,4.91750
1999-03-23,4.93375
1999-03-24,4.93250
1999-03-25,4.93125
1999-03-26,4.95109
1999-03-29,4.98359
1999-03-30,4.91547
1999-03-31,4.92719
1999-04-01,4.92375
1999-04-02,.
1999-04-05,.
1999-04-06,4.91000
1999-04-07,4.89500
1999-04-08,4.89063
1999-04-09,4.88563
1999-04-12,4.88063
1999-04-13,4.87813
1999-04-14,4.87125
1999-04-15,4.87375
1999-04-16,4.86922
1999-04-19,4.86672
1999-04-20,4.84375
1999-04-21,4.81031
1999-04-22,4.81656
1999-04-23,4.81531
1999-04-26,4.81875
1999-04-27,4.82250
1999-04-28,4.86500
1999-04-29,4.87125
1999-04-30,4.88063
1999-05-03,.
1999-05-04,4.87500
1999-05-05,4.86500
1999-05-06,4.85000
1999-05-07,4.84875
1999-05-10,4.85250
1999-05-11,4.85375
1999-05-12,4.85938
1999-05-13,4.86938
1999-05-14,4.86500
1999-05-17,4.88750
1999-05-18,4.88438
1999-05-19,4.87438
1999-05-20,4.87688
1999-05-21,4.87188
1999-05-24,4.87125
1999-05-25,4.87500
1999-05-26,4.93000
1999-05-27,4.92500
1999-05-28,4.93000
1999-05-31,.
1999-06-01,4.90875
1999-06-02,4.89125
1999-06-03,4.87063
1999-06-04,4.86500
1999-06-07,4.87250
1999-06-08,4.87500
1999-06-09,4.87250
1999-06-10,4.87688
1999-06-11,4.89125
1999-06-14,4.88875
1999-06-15,4.88500
1999-06-16,4.86000
1999-06-17,4.84375
1999-06-18,4.83750
1999-06-21,4.85000
1999-06-22,5.04500
1999-06-23,5.07375
1999-06-24,5.18219
1999-06-25,5.22625
1999-06-28,5.35000
1999-06-29,5.30125
1999-06-30,5.27625
1999-07-01,5.18344
1999-07-02,5.18250
1999-07-05,5.18163
1999-07-06,5.17750
1999-07-07,5.17000
1999-07-08,5.17125
1999-07-09,5.17000
1999-07-12,5.17000
1999-07-13,5.16750
1999-07-14,5.15625
1999-07-15,5.15125
1999-07-16,5.13375
1999-07-19,5.12250
1999-07-20,5.11625
1999-07-21,5.09000
1999-07-22,5.11750
1999-07-23,5.13750
1999-07-26,5.15250
1999-07-27,5.16625
1999-07-28,5.17000
1999-07-29,5.15375
1999-07-30,5.15500
1999-08-02,5.14875
1999-08-03,5.14000
1999-08-04,5.13500
1999-08-05,5.13875
1999-08-06,5.14703
1999-08-09,5.15703
1999-08-10,5.16875
1999-08-11,5.16328
1999-08-12,5.15953
1999-08-13,5.15828
1999-08-16,5.16750
1999-08-17,5.16578
1999-08-18,5.16375
1999-08-19,5.28391
1999-08-20,5.30906
1999-08-23,5.33875
1999-08-24,5.34375
1999-08-25,5.34563
1999-08-26,5.34500
1999-08-27,5.35125
1999-08-30,.
1999-08-31,5.35000
1999-09-01,5.35000
1999-09-02,5.35500
1999-09-03,5.35125
1999-09-06,5.35750
1999-09-07,5.36625
1999-09-08,5.36375
1999-09-09,5.35875
1999-09-10,5.35750
1999-09-13,5.35625
1999-09-14,5.35500
1999-09-15,5.35250
1999-09-16,5.35375
1999-09-17,5.34875
1999-09-20,5.34875
1999-09-21,5.34625
1999-09-22,5.37563
1999-09-23,5.38375
1999-09-24,5.38750
1999-09-27,5.39375
1999-09-28,5.40000
1999-09-29,5.40000
1999-09-30,5.39375
1999-10-01,5.39250
1999-10-04,5.39500
1999-10-05,5.39625
1999-10-06,5.37375
1999-10-07,5.36500
1999-10-08,5.36500
1999-10-11,5.36750
1999-10-12,5.36000
1999-10-13,5.36125
1999-10-14,5.35750
1999-10-15,5.36125
1999-10-18,5.36375
1999-10-19,5.36250
1999-10-20,5.35125
1999-10-21,5.36125
1999-10-22,5.36375
1999-10-25,5.35875
1999-10-26,5.36625
1999-10-27,5.36625
1999-10-28,5.36875
1999-10-29,5.36625
1999-11-01,5.36750
1999-11-02,5.36000
1999-11-03,5.34250
1999-11-04,5.33375
1999-11-05,5.33625
1999-11-08,5.33125
1999-11-09,5.33750
1999-11-10,5.35000
1999-11-11,5.38875
1999-11-12,5.41625
1999-11-15,5.45375
1999-11-16,5.49359
1999-11-17,5.55125
1999-11-18,5.54766
1999-11-19,5.54875
1999-11-22,5.55016
1999-11-23,5.55516
1999-11-24,5.58125
1999-11-25,5.62563
1999-11-26,5.68328
1999-11-29,5.68719
1999-11-30,5.68125
1999-12-01,5.62172
1999-12-02,5.57375
1999-12-03,5.56531
1999-12-06,5.57406
1999-12-07,5.57281
1999-12-08,5.57656
1999-12-09,5.60750
1999-12-10,5.62688
1999-12-13,5.63375
1999-12-14,5.62438
1999-12-15,5.62313
1999-12-16,5.60125
1999-12-17,5.60125
1999-12-20,5.58281
1999-12-21,5.61250
1999-12-22,5.60281
1999-12-23,7.71875
1999-12-24,7.75625
1999-12-27,.
1999-12-28,.
1999-12-29,5.92344
1999-12-30,5.92344
1999-12-31,.
2000-01-03,.
2000-01-04,5.64688
2000-01-05,5.60500
2000-01-06,5.60547
2000-01-07,5.60500
2000-01-10,5.62938
2000-01-11,5.64438
2000-01-12,5.64375
2000-01-13,5.62313
2000-01-14,5.62250
2000-01-17,5.63000
2000-01-18,5.64625
2000-01-19,5.63063
2000-01-20,5.62313
2000-01-21,5.65875
2000-01-24,5.65953
2000-01-25,5.66078
2000-01-26,5.64828
2000-01-27,5.73984
2000-01-28,5.78016
2000-01-31,5.85797
2000-02-01,5.87438
2000-02-02,5.88125
2000-02-03,5.87188
2000-02-04,5.86000
2000-02-07,5.85797
2000-02-08,5.85797
2000-02-09,5.83656
2000-02-10,5.82656
2000-02-11,5.83172
2000-02-14,5.83031
2000-02-15,5.82281
2000-02-16,5.81000
2000-02-17,5.80391
2000-02-18,5.81906
2000-02-21,5.83656
2000-02-22,5.84172
2000-02-23,5.84172
2000-02-24,5.84125
2000-02-25,5.85047
2000-02-28,5.83156
2000-02-29,5.83375
2000-03-01,5.82656
2000-03-02,5.82781
2000-03-03,5.82531
2000-03-06,5.82531
2000-03-07,5.82406
2000-03-08,5.81906
2000-03-09,5.82281
2000-03-10,5.82531
2000-03-13,5.84047
2000-03-14,5.86750
2000-03-15,5.89125
2000-03-16,6.03000
2000-03-17,6.06000
2000-03-20,6.08375
2000-03-21,6.09250
2000-03-22,6.08750
2000-03-23,6.15328
2000-03-24,6.15875
2000-03-27,6.16500
2000-03-28,6.17375
2000-03-29,6.18000
2000-03-30,6.13875
2000-03-31,6.13313
2000-04-03,6.13250
2000-04-04,6.12688
2000-04-05,6.09672
2000-04-06,6.08922
2000-04-07,6.09297
2000-04-10,6.09297
2000-04-11,6.09797
2000-04-12,6.09547
2000-04-13,6.09922
2000-04-14,6.10047
2000-04-17,6.10250
2000-04-18,6.09547
2000-04-19,6.10938
2000-04-20,6.10500
2000-04-21,.
2000-04-24,.
2000-04-25,6.11375
2000-04-26,6.11875
2000-04-27,6.11125
2000-04-28,6.12375
2000-05-01,.
2000-05-02,6.13375
2000-05-03,6.12438
2000-05-04,6.13000
2000-05-05,6.16250
2000-05-08,6.18094
2000-05-09,6.22109
2000-05-10,6.26375
2000-05-11,6.43219
2000-05-12,6.52875
2000-05-15,6.56000
2000-05-16,6.56281
2000-05-17,6.56281
2000-05-18,6.56250
2000-05-19,6.56156
2000-05-22,6.56156
2000-05-23,6.56656
2000-05-24,6.56656
2000-05-25,6.57156
2000-05-26,6.59797
2000-05-29,.
2000-05-30,6.61875
2000-05-31,6.62000
2000-06-01,6.62000
2000-06-02,6.61250
2000-06-05,6.59875
2000-06-06,6.59375
2000-06-07,6.59750
2000-06-08,6.60750
2000-06-09,6.61500
2000-06-12,6.61500
2000-06-13,6.61688
2000-06-14,6.60750
2000-06-15,6.60250
2000-06-16,6.60375
2000-06-19,6.59250
2000-06-20,6.58500
2000-06-21,6.58125
2000-06-22,6.82750
2000-06-23,6.82375
2000-06-26,6.85500
2000-06-27,6.87000
2000-06-28,6.92750
2000-06-29,6.66000
2000-06-30,6.63500
2000-07-03,6.62750
2000-07-04,6.62500
2000-07-05,6.62000
2000-07-06,6.61375
2000-07-07,6.61500
2000-07-10,6.61625
2000-07-11,6.61875
2000-07-12,6.61750
2000-07-13,6.60750
2000-07-14,6.60500
2000-07-17,6.59750
2000-07-18,6.59375
2000-07-19,6.59125
2000-07-20,6.58875
2000-07-21,6.60125
2000-07-24,6.60375
2000-07-25,6.60625
2000-07-26,6.60250
2000-07-27,6.60500
2000-07-28,6.60250
2000-07-31,6.59750
2000-08-01,6.59875
2000-08-02,6.59375
2000-08-03,6.59125
2000-08-04,6.58750
2000-08-07,6.58125
2000-08-08,6.57625
2000-08-09,6.56500
2000-08-10,6.56625
2000-08-11,6.57125
2000-08-14,6.57125
2000-08-15,6.57125
2000-08-16,6.57000
2000-08-17,6.56750
2000-08-18,6.57250
2000-08-21,6.57375
2000-08-22,6.56500
2000-08-23,6.57625
2000-08-24,6.57500
2000-08-25,6.57875
2000-08-28,.
2000-08-29,6.58125
2000-08-30,6.57750
2000-08-31,6.58000
2000-09-01,6.57875
2000-09-04,6.58000
2000-09-05,6.58125
2000-09-06,6.57875
2000-09-07,6.58375
2000-09-08,6.58500
2000-09-11,6.58500
2000-09-12,6.58500
2000-09-13,6.59000
2000-09-14,6.58375
2000-09-15,6.58000
2000-09-18,6.57750
2000-09-19,6.57500
2000-09-20,6.56750
2000-09-21,6.64500
2000-09-22,6.64750
2000-09-25,6.64875
2000-09-26,6.65000
2000-09-27,6.65000
2000-09-28,6.61500
2000-09-29,6.61125
2000-10-02,6.61000
2000-10-03,6.60625
2000-10-04,6.59500
2000-10-05,6.59625
2000-10-06,6.59750
2000-10-09,6.59625
2000-10-10,6.59750
2000-10-11,6.59375
2000-10-12,6.59375
2000-10-13,6.58750
2000-10-16,6.59375
2000-10-17,6.59125
2000-10-18,6.58750
2000-10-19,6.58750
2000-10-20,6.58750
2000-10-23,6.59875
2000-10-24,6.59375
2000-10-25,6.59250
2000-10-26,6.59750
2000-10-27,6.60000
2000-10-30,6.59125
2000-10-31,6.59125
2000-11-01,6.58750
2000-11-02,6.58750
2000-11-03,6.58625
2000-11-06,6.58625
2000-11-07,6.58875
2000-11-08,6.58750
2000-11-09,6.58750
2000-11-10,6.58875
2000-11-13,6.59250
2000-11-14,6.58625
2000-11-15,6.58750
2000-11-16,6.58375
2000-11-17,6.59125
2000-11-20,6.59625
2000-11-21,6.60375
2000-11-22,6.60125
2000-11-23,6.60000
2000-11-24,6.60000
2000-11-27,6.60000
2000-11-28,6.60000
2000-11-29,6.59375
2000-11-30,6.58875
2000-12-01,6.58750
2000-12-04,6.58250
2000-12-05,6.58500
2000-12-06,6.58500
2000-12-07,6.58750
2000-12-08,6.58250
2000-12-11,6.57875
2000-12-12,6.57625
2000-12-13,6.58000
2000-12-14,6.57625
2000-12-15,6.57625
2000-12-18,6.57750
2000-12-19,6.57000
2000-12-20,6.56875
2000-12-21,6.78250
2000-12-22,6.83750
2000-12-25,.
2000-12-26,.
2000-12-27,6.83875
2000-12-28,6.61750
2000-12-29,6.61250
2001-01-01,.
2001-01-02,6.60500
2001-01-03,6.57875
2001-01-04,6.08125
2001-01-05,6.05250
2001-01-08,6.03750
2001-01-09,6.03000
2001-01-10,6.02625
2001-01-11,6.02500
2001-01-12,6.02625
2001-01-15,6.03625
2001-01-16,6.03125
2001-01-17,6.03125
2001-01-18,6.00500
2001-01-19,6.00000
2001-01-22,5.99500
2001-01-23,5.98625
2001-01-24,5.98875
2001-01-25,5.91625
2001-01-26,5.79125
2001-01-29,5.70125
2001-01-30,5.63625
2001-01-31,5.59500
2001-02-01,5.58000
2001-02-02,5.57500
2001-02-05,5.58875
2001-02-06,5.58375
2001-02-07,5.58500
2001-02-08,5.58500
2001-02-09,5.58500
2001-02-12,5.58500
2001-02-13,5.58500
2001-02-14,5.58000
2001-02-15,5.58125
2001-02-16,5.58000
2001-02-19,5.57875
2001-02-20,5.58000
2001-02-21,5.57875
2001-02-22,5.57500
2001-02-23,5.57250
2001-02-26,5.55625
2001-02-27,5.49125
2001-02-28,5.39750
2001-03-01,5.52125
2001-03-02,5.55375
2001-03-05,5.56125
2001-03-06,5.57875
2001-03-07,5.56406
2001-03-08,5.56000
2001-03-09,5.55750
2001-03-12,5.55250
2001-03-13,5.49375
2001-03-14,5.41828
2001-03-15,5.12000
2001-03-16,5.06281
2001-03-19,5.02125
2001-03-20,5.01750
2001-03-21,5.08406
2001-03-22,5.12250
2001-03-23,5.15125
2001-03-26,5.15125
2001-03-27,5.15750
2001-03-28,5.16500
2001-03-29,5.12063
2001-03-30,5.11750
2001-04-02,5.10297
2001-04-03,5.09875
2001-04-04,5.10047
2001-04-05,5.09922
2001-04-06,5.09922
2001-04-09,5.08875
2001-04-10,5.08500
2001-04-11,5.08797
2001-04-12,5.09547
2001-04-13,.
2001-04-16,.
2001-04-17,5.09500
2001-04-18,5.08750
2001-04-19,4.56906
2001-04-20,4.56750
2001-04-23,4.56531
2001-04-24,4.55375
2001-04-25,4.54875
2001-04-26,4.55625
2001-04-27,4.55750
2001-04-30,4.56875
2001-05-01,4.58750
2001-05-02,4.57625
2001-05-03,4.56656
2001-05-04,4.55250
2001-05-07,.
2001-05-08,4.46875
2001-05-09,4.39750
2001-05-10,4.17875
2001-05-11,4.15078
2001-05-14,4.16625
2001-05-15,4.14500
2001-05-16,4.10500
2001-05-17,4.09547
2001-05-18,4.09250
2001-05-21,4.09000
2001-05-22,4.08625
2001-05-23,4.08375
2001-05-24,4.09297
2001-05-25,4.09297
2001-05-28,.
2001-05-29,4.09547
2001-05-30,4.08750
2001-05-31,4.08625
2001-06-01,4.07875
2001-06-04,4.07625
2001-06-05,4.07750
2001-06-06,4.06625
2001-06-07,4.07531
2001-06-08,4.07750
2001-06-11,4.07531
2001-06-12,4.07156
2001-06-13,4.08500
2001-06-14,4.07281
2001-06-15,4.07031
2001-06-18,4.05875
2001-06-19,4.00625
2001-06-20,3.95500
2001-06-21,3.92500
2001-06-22,3.87250
2001-06-25,3.84000
2001-06-26,3.82031
2001-06-27,3.80250
2001-06-28,3.86938
2001-06-29,3.88000
2001-07-02,3.87750
2001-07-03,3.85625
2001-07-04,3.84875
2001-07-05,3.84875
2001-07-06,3.84547
2001-07-09,3.84625
2001-07-10,3.84250
2001-07-11,3.83250
2001-07-12,3.83000
2001-07-13,3.83000
2001-07-16,3.82875
2001-07-17,3.82875
2001-07-18,3.82625
2001-07-19,3.82500
2001-07-20,3.82406
2001-07-23,3.82625
2001-07-24,3.82625
2001-07-25,3.82875
2001-07-26,3.82875
2001-07-27,3.83375
2001-07-30,3.82875
2001-07-31,3.83000
2001-08-01,3.82625
2001-08-02,3.81875
2001-08-03,3.81531
2001-08-06,3.81156
2001-08-07,3.81656
2001-08-08,3.81531
2001-08-09,3.80750
2001-08-10,3.80016
2001-08-13,3.78391
2001-08-14,3.76250
2001-08-15,3.73750
2001-08-16,3.64750
2001-08-17,3.61500
2001-08-20,3.58875
2001-08-21,3.58625
2001-08-22,3.58000
2001-08-23,3.58438
2001-08-24,3.58625
2001-08-27,.
2001-08-28,3.59172
2001-08-29,3.61000
2001-08-30,3.58672
2001-08-31,3.58297
2001-09-03,3.58547
2001-09-04,3.58125
2001-09-05,3.57875
2001-09-06,3.58000
2001-09-07,3.57406
2001-09-10,3.55875
2001-09-11,3.56000
2001-09-12,4.00000
2001-09-13,4.06250
2001-09-14,4.02750
2001-09-17,3.56750
2001-09-18,3.07250
2001-09-19,2.61875
2001-09-20,2.74375
2001-09-21,2.99375
2001-09-24,2.94625
2001-09-25,3.06406
2001-09-26,3.13375
2001-09-27,2.78625
2001-09-28,2.66094
2001-10-01,2.65203
2001-10-02,2.63750
2001-10-03,2.59000
2001-10-04,2.58375
2001-10-05,2.57625
2001-10-08,2.57750
2001-10-09,2.57656
2001-10-10,2.57281
2001-10-11,2.56781
2001-10-12,2.56781
2001-10-15,2.56781
2001-10-16,2.56531
2001-10-17,2.56531
2001-10-18,2.56375
2001-10-19,2.55500
2001-10-22,2.55250
2001-10-23,2.55906
2001-10-24,2.56031
2001-10-25,2.56281
2001-10-26,2.55906
2001-10-29,2.54875
2001-10-30,2.50000
2001-10-31,2.43344
2001-11-01,2.33125
2001-11-02,2.30656
2001-11-05,2.23750
2001-11-06,2.19375
2001-11-07,2.08750
2001-11-08,2.08625
2001-11-09,2.08875
2001-11-12,2.09000
2001-11-13,2.09000
2001-11-14,2.08875
2001-11-15,2.09422
2001-11-16,2.09047
2001-11-19,2.09125
2001-11-20,2.09375
2001-11-21,2.09750
2001-11-22,2.12438
2001-11-23,2.11375
2001-11-26,2.12000
2001-11-27,2.12688
2001-11-28,2.12188
2001-11-29,2.11625
2001-11-30,2.10922
2001-12-03,2.08750
2001-12-04,2.04625
2001-12-05,1.97234
2001-12-06,1.92500
2001-12-07,1.88000
2001-12-10,1.85750
2001-12-11,1.85000
2001-12-12,1.83031
2001-12-13,1.82406
2001-12-14,1.82625
2001-12-17,1.83172
2001-12-18,1.83000
2001-12-19,1.83281
2001-12-20,1.83250
2001-12-21,2.12500
2001-12-24,2.12813
2001-12-25,.
2001-12-26,.
2001-12-27,2.11813
2001-12-28,1.90000
2001-12-31,1.89125
2002-01-01,.
2002-01-02,1.86375
2002-01-03,1.84797
2002-01-04,1.84422
2002-01-07,1.84422
2002-01-08,1.83250
2002-01-09,1.82500
2002-01-10,1.82500
2002-01-11,1.82375
2002-01-14,1.81656
2002-01-15,1.81281
2002-01-16,1.79266
2002-01-17,1.78516
2002-01-18,1.78891
2002-01-21,1.78891
2002-01-22,1.78766
2002-01-23,1.79500
2002-01-24,1.79391
2002-01-25,1.82656
2002-01-28,1.82750
2002-01-29,1.84547
2002-01-30,1.83875
2002-01-31,1.84000
2002-02-01,1.84047
2002-02-04,1.83750
2002-02-05,1.83625
2002-02-06,1.82625
2002-02-07,1.83625
2002-02-08,1.83750
2002-02-11,1.83750
2002-02-12,1.83625
2002-02-13,1.84297
2002-02-14,1.84000
2002-02-15,1.84000
2002-02-18,1.84000
2002-02-19,1.84000
2002-02-20,1.84000
2002-02-21,1.84000
2002-02-22,1.84000
2002-02-25,1.84000
2002-02-26,1.84172
2002-02-27,1.84047
2002-02-28,1.83797
2002-03-01,1.84047
2002-03-04,1.84000
2002-03-05,1.84000
2002-03-06,1.83625
2002-03-07,1.84625
2002-03-08,1.84125
2002-03-11,1.84000
2002-03-12,1.84000
2002-03-13,1.84500
2002-03-14,1.84000
2002-03-15,1.84000
2002-03-18,1.84250
2002-03-19,1.84000
2002-03-20,1.93375
2002-03-21,1.93875
2002-03-22,1.95875
2002-03-25,1.95000
2002-03-26,1.95250
2002-03-27,1.86125
2002-03-28,1.85500
2002-03-29,.
2002-04-01,.
2002-04-02,1.84875
2002-04-03,1.84375
2002-04-04,1.84000
2002-04-05,1.83875
2002-04-08,1.84000
2002-04-09,1.84250
2002-04-10,1.83625
2002-04-11,1.83750
2002-04-12,1.83500
2002-04-15,1.83875
2002-04-16,1.83375
2002-04-17,1.83125
2002-04-18,1.82688
2002-04-19,1.82875
2002-04-22,1.85000
2002-04-23,1.84625
2002-04-24,1.84375
2002-04-25,1.84125
2002-04-26,1.84875
2002-04-29,1.84000
2002-04-30,1.84000
2002-05-01,1.83875
2002-05-02,1.83750
2002-05-03,1.83750
2002-05-06,.
2002-05-07,1.83625
2002-05-08,1.83375
2002-05-09,1.82875
2002-05-10,1.83125
2002-05-13,1.83875
2002-05-14,1.83250
2002-05-15,1.82875
2002-05-16,1.83000
2002-05-17,1.82625
2002-05-20,1.82750
2002-05-21,1.82250
2002-05-22,1.81000
2002-05-23,1.83875
2002-05-24,1.84625
2002-05-27,1.84875
2002-05-28,1.84750
2002-05-29,1.86125
2002-05-30,1.84125
2002-05-31,1.83625
2002-06-03,.
2002-06-04,.
2002-06-05,1.82375
2002-06-06,1.82000
2002-06-07,1.82500
2002-06-10,1.82500
2002-06-11,1.82500
2002-06-12,1.82125
2002-06-13,1.82000
2002-06-14,1.82125
2002-06-17,1.82375
2002-06-18,1.82000
2002-06-19,1.80875
2002-06-20,1.84625
2002-06-21,1.84625
2002-06-24,1.85375
2002-06-25,1.85500
2002-06-26,1.87125
2002-06-27,1.84250
2002-06-28,1.83500
2002-07-01,1.82875
2002-07-02,1.82375
2002-07-03,1.81625
2002-07-04,1.81500
2002-07-05,1.82250
2002-07-08,1.82250
2002-07-09,1.82188
2002-07-10,1.82375
2002-07-11,1.82125
2002-07-12,1.81625
2002-07-15,1.81500
2002-07-16,1.81813
2002-07-17,1.81500
2002-07-18,1.81250
2002-07-19,1.81406
2002-07-22,1.81250
2002-07-23,1.82250
2002-07-24,1.81375
2002-07-25,1.81500
2002-07-26,1.81000
2002-07-29,1.81000
2002-07-30,1.81125
2002-07-31,1.81125
2002-08-01,1.81000
2002-08-02,1.80750
2002-08-05,1.80250
2002-08-06,1.80500
2002-08-07,1.80000
2002-08-08,1.80000
2002-08-09,1.79000
2002-08-12,1.78625
2002-08-13,1.78500
2002-08-14,1.78875
2002-08-15,1.78875
2002-08-16,1.79125
2002-08-19,1.80250
2002-08-20,1.80500
2002-08-21,1.80500
2002-08-22,1.80875
2002-08-23,1.81375
2002-08-26,.
2002-08-27,1.81375
2002-08-28,1.84750
2002-08-29,1.83375
2002-08-30,1.82875
2002-09-02,1.82375
2002-09-03,1.82125
2002-09-04,1.81875
2002-09-05,1.81125
2002-09-06,1.80750
2002-09-09,1.81375
2002-09-10,1.81750
2002-09-11,1.81875
2002-09-12,1.82125
2002-09-13,1.82000
2002-09-16,1.81750
2002-09-17,1.81563
2002-09-18,1.81625
2002-09-19,1.81250
2002-09-20,1.83750
2002-09-23,1.82625
2002-09-24,1.82500
2002-09-25,1.82750
2002-09-26,1.83375
2002-09-27,1.82625
2002-09-30,1.82125
2002-10-01,1.81750
2002-10-02,1.81250
2002-10-03,1.80750
2002-10-04,1.80500
2002-10-07,1.81125
2002-10-08,1.81125
2002-10-09,1.80750
2002-10-10,1.81375
2002-10-11,1.81500
2002-10-14,1.81250
2002-10-15,1.81625
2002-10-16,1.81500
2002-10-17,1.81125
2002-10-18,1.81500
2002-10-21,1.81000
2002-10-22,1.81250
2002-10-23,1.82125
2002-10-24,1.82000
2002-10-25,1.82250
2002-10-28,1.82125
2002-10-29,1.83875
2002-10-30,1.81250
2002-10-31,1.76625
2002-11-01,1.71750
2002-11-04,1.64625
2002-11-05,1.63000
2002-11-06,1.61875
2002-11-07,1.37125
2002-11-08,1.36875
2002-11-11,1.38125
2002-11-12,1.37875
2002-11-13,1.38250
2002-11-14,1.35750
2002-11-15,1.35875
2002-11-18,1.34625
2002-11-19,1.31625
2002-11-20,1.31000
2002-11-21,1.35875
2002-11-22,1.37625
2002-11-25,1.38250
2002-11-26,1.37875
2002-11-27,1.38125
2002-11-28,1.35875
2002-11-29,1.35250
2002-12-02,1.34875
2002-12-03,1.33875
2002-12-04,1.33000
2002-12-05,1.33000
2002-12-06,1.32875
2002-12-09,1.32750
2002-12-10,1.32375
2002-12-11,1.32375
2002-12-12,1.32250
2002-12-13,1.32375
2002-12-16,1.32250
2002-12-17,1.32125
2002-12-18,1.31625
2002-12-19,1.31625
2002-12-20,1.31375
2002-12-23,1.50250
2002-12-24,1.50125
2002-12-25,.
2002-12-26,.
2002-12-27,1.48375
2002-12-30,1.37375
2002-12-31,1.36125
2003-01-01,.
2003-01-02,1.35000
2003-01-03,1.34625
2003-01-06,1.34500
2003-01-07,1.34250
2003-01-08,1.32875
2003-01-09,1.32625
2003-01-10,1.32375
2003-01-13,1.32750
2003-01-14,1.33000
2003-01-15,1.32375
2003-01-16,1.31500
2003-01-17,1.31875
2003-01-20,1.32000
2003-01-21,1.32125
2003-01-22,1.32250
2003-01-23,1.33375
2003-01-24,1.33000
2003-01-27,1.33000
2003-01-28,1.32750
2003-01-29,1.33000
2003-01-30,1.32500
2003-01-31,1.32500
2003-02-03,1.32250
2003-02-04,1.32125
2003-02-05,1.31625
2003-02-06,1.31500
2003-02-07,1.31250
2003-02-10,1.31625
2003-02-11,1.31250
2003-02-12,1.31250
2003-02-13,1.31000
2003-02-14,1.31625
2003-02-17,1.31500
2003-02-18,1.31750
2003-02-19,1.31625
2003-02-20,1.31875
2003-02-21,1.31625
2003-02-24,1.31500
2003-02-25,1.31500
2003-02-26,1.32250
2003-02-27,1.31875
2003-02-28,1.32000
2003-03-03,1.32000
2003-03-04,1.31750
2003-03-05,1.31750
2003-03-06,1.30750
2003-03-07,1.31313
2003-03-10,1.30500
2003-03-11,1.28875
2003-03-12,1.28500
2003-03-13,1.29625
2003-03-14,1.29750
2003-03-17,1.28500
2003-03-18,1.28500
2003-03-19,1.29000
2003-03-20,1.29500
2003-03-21,1.32250
2003-03-24,1.32375
2003-03-25,1.32750
2003-03-26,1.33000
2003-03-27,1.33250
2003-03-28,1.31000
2003-03-31,1.30875
2003-04-01,1.30750
2003-04-02,1.30375
2003-04-03,1.30250
2003-04-04,1.30000
2003-04-07,1.30875
2003-04-08,1.30875
2003-04-09,1.31000
2003-04-10,1.30750
2003-04-11,1.31750
2003-04-14,1.31375
2003-04-15,1.31750
2003-04-16,1.31750
2003-04-17,1.31625
2003-04-18,.
2003-04-21,.
2003-04-22,1.32000
2003-04-23,1.32000
2003-04-24,1.32000
2003-04-25,1.32375
2003-04-28,1.32750
2003-04-29,1.32000
2003-04-30,1.31875
2003-05-01,1.31625
2003-05-02,1.31000
2003-05-05,.
2003-05-06,1.31000
2003-05-07,1.31125
2003-05-08,1.31125
2003-05-09,1.31125
2003-05-12,1.31875
2003-05-13,1.32000
2003-05-14,1.31250
2003-05-15,1.31875
2003-05-16,1.31625
2003-05-19,1.31438
2003-05-20,1.31625
2003-05-21,1.30875
2003-05-22,1.31750
2003-05-23,1.31500
2003-05-26,.
2003-05-27,1.32000
2003-05-28,1.33375
2003-05-29,1.32250
2003-05-30,1.32000
2003-06-02,1.31750
2003-06-03,1.31750
2003-06-04,1.30750
2003-06-05,1.30000
2003-06-06,1.30375
2003-06-09,1.30875
2003-06-10,1.31000
2003-06-11,1.30750
2003-06-12,1.30875
2003-06-13,1.30250
2003-06-16,1.30250
2003-06-17,1.27875
2003-06-18,1.23125
2003-06-19,1.08875
2003-06-20,1.07125
2003-06-23,1.06125
2003-06-24,1.04625
2003-06-25,1.02500
2003-06-26,1.12375
2003-06-27,1.13750
2003-06-30,1.12375
2003-07-01,1.11938
2003-07-02,1.11625
2003-07-03,1.11125
2003-07-04,1.11125
2003-07-07,1.11000
2003-07-08,1.10750
2003-07-09,1.10750
2003-07-10,1.11000
2003-07-11,1.10375
2003-07-14,1.10000
2003-07-15,1.10000
2003-07-16,1.10000
2003-07-17,1.10000
2003-07-18,1.09625
2003-07-21,1.09750
2003-07-22,1.09625
2003-07-23,1.09750
2003-07-24,1.09750
2003-07-25,1.10000
2003-07-28,1.10000
2003-07-29,1.10375
2003-07-30,1.10000
2003-07-31,1.10000
2003-08-01,1.10375
2003-08-04,1.09875
2003-08-05,1.09875
2003-08-06,1.09000
2003-08-07,1.09625
2003-08-08,1.09500
2003-08-11,1.09500
2003-08-12,1.09750
2003-08-13,1.10125
2003-08-14,1.10000
2003-08-15,1.10000
2003-08-18,1.10000
2003-08-19,1.09750
2003-08-20,1.08375
2003-08-21,1.10250
2003-08-22,1.10375
2003-08-25,.
2003-08-26,1.11250
2003-08-27,1.11625
2003-08-28,1.11000
2003-08-29,1.10875
2003-09-01,1.10125
2003-09-02,1.10125
2003-09-03,1.09875
2003-09-04,1.09625
2003-09-05,1.09750
2003-09-08,1.09875
2003-09-09,1.09375
2003-09-10,1.09375
2003-09-11,1.09500
2003-09-12,1.09250
2003-09-15,1.09500
2003-09-16,1.09250
2003-09-17,1.08750
2003-09-18,1.08500
2003-09-19,1.08375
2003-09-22,1.11500
2003-09-23,1.11500
2003-09-24,1.11625
2003-09-25,1.12125
2003-09-26,1.13125
2003-09-29,1.11625
2003-09-30,1.11000
2003-10-01,1.10375
2003-10-02,1.10000
2003-10-03,1.09625
2003-10-06,1.09250
2003-10-07,1.09625
2003-10-08,1.09250
2003-10-09,1.09250
2003-10-10,1.09375
2003-10-13,1.09625
2003-10-14,1.09750
2003-10-15,1.09375
2003-10-16,1.08750
2003-10-17,1.08750
2003-10-20,1.08500
2003-10-21,1.08500
2003-10-22,1.08250
2003-10-23,1.10625
2003-10-24,1.10500
2003-10-27,1.10625
2003-10-28,1.11000
2003-10-29,1.11125
2003-10-30,1.10000
2003-10-31,1.09500
2003-11-03,1.09250
2003-11-04,1.08875
2003-11-05,1.08500
2003-11-06,1.08750
2003-11-07,1.08875
2003-11-10,1.09375
2003-11-11,1.09250
2003-11-12,1.09375
2003-11-13,1.09375
2003-11-14,1.08750
2003-11-17,1.09000
2003-11-18,1.08250
2003-11-19,1.08125
2003-11-20,1.09875
2003-11-21,1.09500
2003-11-24,1.09750
2003-11-25,1.10250
2003-11-26,1.10125
2003-11-27,1.09750
2003-11-28,1.09750
2003-12-01,1.09250
2003-12-02,1.09125
2003-12-03,1.08875
2003-12-04,1.08375
2003-12-05,1.08875
2003-12-08,1.09125
2003-12-09,1.09000
2003-12-10,1.08625
2003-12-11,1.08625
2003-12-12,1.08125
2003-12-15,1.08125
2003-12-16,1.07875
2003-12-17,1.07250
2003-12-18,1.07375
2003-12-19,1.07625
2003-12-22,1.07875
2003-12-23,1.16625
2003-12-24,1.16500
2003-12-25,.
2003-12-26,.
2003-12-29,1.15750
2003-12-30,1.09250
2003-12-31,1.08875
2004-01-01,.
2004-01-02,1.08750
2004-01-05,1.08375
2004-01-06,1.08063
2004-01-07,1.07750
2004-01-08,1.07500
2004-01-09,1.07250
2004-01-12,1.07250
2004-01-13,1.07250
2004-01-14,1.07125
2004-01-15,1.07125
2004-01-16,1.07125
2004-01-19,1.07125
2004-01-20,1.07125
2004-01-21,1.07125
2004-01-22,1.07750
2004-01-23,1.08000
2004-01-26,1.07750
2004-01-27,1.07750
2004-01-28,1.07875
2004-01-29,1.07875
2004-01-30,1.07625
2004-02-02,1.07500
2004-02-03,1.07125
2004-02-04,1.06750
2004-02-05,1.06500
2004-02-06,1.06500
2004-02-09,1.07125
2004-02-10,1.07125
2004-02-11,1.07125
2004-02-12,1.07000
2004-02-13,1.07000
2004-02-16,1.07000
2004-02-17,1.07000
2004-02-18,1.07000
2004-02-19,1.07500
2004-02-20,1.07750
2004-02-23,1.08000
2004-02-24,1.08000
2004-02-25,1.07875
2004-02-26,1.07250
2004-02-27,1.07250
2004-03-01,1.07375
2004-03-02,1.07375
2004-03-03,1.07250
2004-03-04,1.07250
2004-03-05,1.07375
2004-03-08,1.07125
2004-03-09,1.07125
2004-03-10,1.07125
2004-03-11,1.07250
2004-03-12,1.07125
2004-03-15,1.07250
2004-03-16,1.07125
2004-03-17,1.07125
2004-03-18,1.06750
2004-03-19,1.06750
2004-03-22,1.06750
2004-03-23,1.08500
2004-03-24,1.08438
2004-03-25,1.08438
2004-03-26,1.08500
2004-03-29,1.08750
2004-03-30,1.08125
2004-03-31,1.07750
2004-04-01,1.07625
2004-04-02,1.07375
2004-04-05,1.07250
2004-04-06,1.07500
2004-04-07,1.07625
2004-04-08,1.07375
2004-04-09,.
2004-04-12,.
2004-04-13,1.08000
2004-04-14,1.08000
2004-04-15,1.08000
2004-04-16,1.07625
2004-04-19,1.07250
2004-04-20,1.07375
2004-04-21,1.07250
2004-04-22,1.08000
2004-04-23,1.08000
2004-04-26,1.08125
2004-04-27,1.08125
2004-04-28,1.08125
2004-04-29,1.08000
2004-04-30,1.08000
2004-05-03,.
2004-05-04,1.07875
2004-05-05,1.07500
2004-05-06,1.07625
2004-05-07,1.07875
2004-05-10,1.08000
2004-05-11,1.07875
2004-05-12,1.08000
2004-05-13,1.08000
2004-05-14,1.08000
2004-05-17,1.08000
2004-05-18,1.08125
2004-05-19,1.08125
2004-05-20,1.08625
2004-05-21,1.08375
2004-05-24,1.08375
2004-05-25,1.08000
2004-05-26,1.08250
2004-05-27,1.08125
2004-05-28,1.08125
2004-05-31,.
2004-06-01,1.08125
2004-06-02,1.08000
2004-06-03,1.08250
2004-06-04,1.08250
2004-06-07,1.08250
2004-06-08,1.08250
2004-06-09,1.08250
2004-06-10,1.08125
2004-06-11,1.08500
2004-06-14,1.08125
2004-06-15,1.08125
2004-06-16,1.08000
2004-06-17,1.08250
2004-06-18,1.08000
2004-06-21,1.08250
2004-06-22,1.13000
2004-06-23,1.15500
2004-06-24,1.26750
2004-06-25,1.30000
2004-06-28,1.33500
2004-06-29,1.34000
2004-06-30,1.35000
2004-07-01,1.34625
2004-07-02,1.34500
2004-07-05,1.33875
2004-07-06,1.33125
2004-07-07,1.33625
2004-07-08,1.33375
2004-07-09,1.33625
2004-07-12,1.32750
2004-07-13,1.33375
2004-07-14,1.33125
2004-07-15,1.33125
2004-07-16,1.32750
2004-07-19,1.32750
2004-07-20,1.32375
2004-07-21,1.32250
2004-07-22,1.33250
2004-07-23,1.33250
2004-07-26,1.33125
2004-07-27,1.33750
2004-07-28,1.33500
2004-07-29,1.34250
2004-07-30,1.34250
2004-08-02,1.35500
2004-08-03,1.38125
2004-08-04,1.42375
2004-08-05,1.52750
2004-08-06,1.55375
2004-08-09,1.55250
2004-08-10,1.55875
2004-08-11,1.56250
2004-08-12,1.56250
2004-08-13,1.56250
2004-08-16,1.56875
2004-08-17,1.56750
2004-08-18,1.56250
2004-08-19,1.56375
2004-08-20,1.56375
2004-08-23,1.57000
2004-08-24,1.57250
2004-08-25,1.57000
2004-08-26,1.57750
2004-08-27,1.57750
2004-08-30,.
2004-08-31,1.57375
2004-09-01,1.57500
2004-09-02,1.57500
2004-09-03,1.57563
2004-09-06,1.57250
2004-09-07,1.57625
2004-09-08,1.57625
2004-09-09,1.58250
2004-09-10,1.59375
2004-09-13,1.61500
2004-09-14,1.64625
2004-09-15,1.67625
2004-09-16,1.76875
2004-09-17,1.80625
2004-09-20,1.81125
2004-09-21,1.81625
2004-09-22,1.81625
2004-09-23,1.82000
2004-09-24,1.82125
2004-09-27,1.83000
2004-09-28,1.83625
2004-09-29,1.82688
2004-09-30,1.82813
2004-10-01,1.82563
2004-10-04,1.82563
2004-10-05,1.82313
2004-10-06,1.82000
2004-10-07,1.82625
2004-10-08,1.82375
2004-10-11,1.82125
2004-10-12,1.82625
2004-10-13,1.82625
2004-10-14,1.82875
2004-10-15,1.82750
2004-10-18,1.82500
2004-10-19,1.82313
2004-10-20,1.82125
2004-10-21,1.83188
2004-10-22,1.83625
2004-10-25,1.84000
2004-10-26,1.84375
2004-10-27,1.84125
2004-10-28,1.84000
2004-10-29,1.84500
2004-11-01,1.84500
2004-11-02,1.87875
2004-11-03,1.89125
2004-11-04,1.98750
2004-11-05,2.03750
2004-11-08,2.06250
2004-11-09,2.06750
2004-11-10,2.07000
2004-11-11,2.07563
2004-11-12,2.07313
2004-11-15,2.07688
2004-11-16,2.07625
2004-11-17,2.07313
2004-11-18,2.07750
2004-11-19,2.07563
2004-11-22,2.08625
2004-11-23,2.08875
2004-11-24,2.09000
2004-11-25,2.09000
2004-11-26,2.08875
2004-11-29,2.09000
2004-11-30,2.09250
2004-12-01,2.08750
2004-12-02,2.09313
2004-12-03,2.10125
2004-12-06,2.13750
2004-12-07,2.18125
2004-12-08,2.20375
2004-12-09,2.29500
2004-12-10,2.31375
2004-12-13,2.32250
2004-12-14,2.32875
2004-12-15,2.32750
2004-12-16,2.32375
2004-12-17,2.32625
2004-12-20,2.32563
2004-12-21,2.32313
2004-12-22,2.32250
2004-12-23,2.47000
2004-12-24,2.47250
2004-12-27,.
2004-12-28,.
2004-12-29,2.51625
2004-12-30,2.33750
2004-12-31,2.33625
2005-01-03,.
2005-01-04,2.32938
2005-01-05,2.32875
2005-01-06,2.33000
2005-01-07,2.32875
2005-01-10,2.32875
2005-01-11,2.33000
2005-01-12,2.33000
2005-01-13,2.33125
2005-01-14,2.33500
2005-01-17,2.33375
2005-01-18,2.33375
2005-01-19,2.33125
2005-01-20,2.33375
2005-01-21,2.34000
2005-01-24,2.35000
2005-01-25,2.37500
2005-01-26,2.40875
2005-01-27,2.51875
2005-01-28,2.55500
2005-01-31,2.56000
2005-02-01,2.56375
2005-02-02,2.56000
2005-02-03,2.56250
2005-02-04,2.56375
2005-02-07,2.56875
2005-02-08,2.57000
2005-02-09,2.57000
2005-02-10,2.57000
2005-02-11,2.57000
2005-02-14,2.57000
2005-02-15,2.57000
2005-02-16,2.56750
2005-02-17,2.57125
2005-02-18,2.57500
2005-02-21,2.57375
2005-02-22,2.57250
2005-02-23,2.57250
2005-02-24,2.57625
2005-02-25,2.57750
2005-02-28,2.57750
2005-03-01,2.57750
2005-03-02,2.57000
2005-03-03,2.57125
2005-03-04,2.57438
2005-03-07,2.58000
2005-03-08,2.57875
2005-03-09,2.57875
2005-03-10,2.59625
2005-03-11,2.62875
2005-03-14,2.65500
2005-03-15,2.70375
2005-03-16,2.75875
2005-03-17,2.81375
2005-03-18,2.82500
2005-03-21,2.83000
2005-03-22,2.82875
2005-03-23,2.84375
2005-03-24,2.84750
2005-03-25,.
2005-03-28,.
2005-03-29,2.84625
2005-03-30,2.84500
2005-03-31,2.83625
2005-04-01,2.83625
2005-04-04,2.83188
2005-04-05,2.82875
2005-04-06,2.82625
2005-04-07,2.83000
2005-04-08,2.83000
2005-04-11,2.83250
2005-04-12,2.83375
2005-04-13,2.84500
2005-04-14,2.83625
2005-04-15,2.83450
2005-04-18,2.83000
2005-04-19,2.82750
2005-04-20,2.82750
2005-04-21,2.89125
2005-04-22,2.92250
2005-04-25,2.95500
2005-04-26,2.99625
2005-04-27,3.03500
2005-04-28,3.05625
2005-04-29,3.06125
2005-05-02,.
2005-05-03,3.06000
2005-05-04,3.06000
2005-05-05,3.06000
2005-05-06,3.06000
2005-05-09,3.06313
2005-05-10,3.06313
2005-05-11,3.06188
2005-05-12,3.06375
2005-05-13,3.06125
2005-05-16,3.06250
2005-05-17,3.06000
2005-05-18,3.06000
2005-05-19,3.06000
2005-05-20,3.06000
2005-05-23,3.06875
2005-05-24,3.06875
2005-05-25,3.06875
2005-05-26,3.07000
2005-05-27,3.06625
2005-05-30,.
2005-05-31,3.07000
2005-06-01,3.06750
2005-06-02,3.06500
2005-06-03,3.06375
2005-06-06,3.06500
2005-06-07,3.06938
2005-06-08,3.07000
2005-06-09,3.07000
2005-06-10,3.07000
2005-06-13,3.07000
2005-06-14,3.07000
2005-06-15,3.07000
2005-06-16,3.07250
2005-06-17,3.08750
2005-06-20,3.09875
2005-06-21,3.13250
2005-06-22,3.21000
2005-06-23,3.30625
2005-06-24,3.31875
2005-06-27,3.32500
2005-06-28,3.32500
2005-06-29,3.32375
2005-06-30,3.31750
2005-07-01,3.31375
2005-07-04,3.31531
2005-07-05,3.31688
2005-07-06,3.31813
2005-07-07,3.32000
2005-07-08,3.32000
2005-07-11,3.31938
2005-07-12,3.31875
2005-07-13,3.31750
2005-07-14,3.31750
2005-07-15,3.32125
2005-07-18,3.31875
2005-07-19,3.31938
2005-07-20,3.31313
2005-07-21,3.31938
2005-07-22,3.32375
2005-07-25,3.32750
2005-07-26,3.33375
2005-07-27,3.33750
2005-07-28,3.35625
2005-07-29,3.37188
2005-08-01,3.40250
2005-08-02,3.45750
2005-08-03,3.48750
2005-08-04,3.54125
2005-08-05,3.55375
2005-08-08,3.55750
2005-08-09,3.55875
2005-08-10,3.55563
2005-08-11,3.55875
2005-08-12,3.55813
2005-08-15,3.55813
2005-08-16,3.55563
2005-08-17,3.55625
2005-08-18,3.55688
2005-08-19,3.55563
2005-08-22,3.55438
2005-08-23,3.56000
2005-08-24,3.56125
2005-08-25,3.56500
2005-08-26,3.56750
2005-08-29,.
2005-08-30,3.57625
2005-08-31,3.57875
2005-09-01,3.57375
2005-09-02,3.55875
2005-09-05,3.56250
2005-09-06,3.56625
2005-09-07,3.56625
2005-09-08,3.59875
2005-09-09,3.62563
2005-09-12,3.65875
2005-09-13,3.69125
2005-09-14,3.72375
2005-09-15,3.76125
2005-09-16,3.77250
2005-09-19,3.78500
2005-09-20,3.79000
2005-09-21,3.79625
2005-09-22,3.82625
2005-09-23,3.83500
2005-09-26,3.84000
2005-09-27,3.84438
2005-09-28,3.85375
2005-09-29,3.82625
2005-09-30,3.82125
2005-10-03,3.81125
2005-10-04,3.81125
2005-10-05,3.80625
2005-10-06,3.81000
2005-10-07,3.81125
2005-10-10,3.81125
2005-10-11,3.81500
2005-10-12,3.81688
2005-10-13,3.82125
2005-10-14,3.81875
2005-10-17,3.82000
2005-10-18,3.81875
2005-10-19,3.82125
2005-10-20,3.88375
2005-10-21,3.92875
2005-10-24,3.95000
2005-10-25,3.99813
2005-10-26,4.02875
2005-10-27,4.06000
2005-10-28,4.06000
2005-10-31,4.06125
2005-11-01,4.06250
2005-11-02,4.06000
2005-11-03,4.06000
2005-11-04,4.06000
2005-11-07,4.06063
2005-11-08,4.06375
2005-11-09,4.06375
2005-11-10,4.06375
2005-11-11,4.06688
2005-11-14,4.06500
2005-11-15,4.06375
2005-11-16,4.06125
2005-11-17,4.06125
2005-11-18,4.06125
2005-11-21,4.06000
2005-11-22,4.06625
2005-11-23,4.06813
2005-11-24,4.07000
2005-11-25,4.07000
2005-11-28,4.07813
2005-11-29,4.07750
2005-11-30,4.07625
2005-12-01,4.11000
2005-12-02,4.14000
2005-12-05,4.18500
2005-12-06,4.21875
2005-12-07,4.24375
2005-12-08,4.29375
2005-12-09,4.30688
2005-12-12,4.30563
2005-12-13,4.31000
2005-12-14,4.30750
2005-12-15,4.30938
2005-12-16,4.30625
2005-12-19,4.30250
2005-12-20,4.30250
2005-12-21,4.30500
2005-12-22,4.44875
2005-12-23,4.45250
2005-12-26,.
2005-12-27,.
2005-12-28,4.45563
2005-12-29,4.32625
2005-12-30,4.31625
2006-01-02,.
2006-01-03,4.32125
2006-01-04,4.31625
2006-01-05,4.31563
2006-01-06,4.31250
2006-01-09,4.31500
2006-01-10,4.31750
2006-01-11,4.31688
2006-01-12,4.31938
2006-01-13,4.31938
2006-01-16,4.32000
2006-01-17,4.31563
2006-01-18,4.31938
2006-01-19,4.35625
2006-01-20,4.39063
2006-01-23,4.42250
2006-01-24,4.46000
2006-01-25,4.49313
2006-01-26,4.54000
2006-01-27,4.55000
2006-01-30,4.55250
2006-01-31,4.55625
2006-02-01,4.55500
2006-02-02,4.55313
2006-02-03,4.55000
2006-02-06,4.55250
2006-02-07,4.55688
2006-02-08,4.55625
2006-02-09,4.55875
2006-02-10,4.56000
2006-02-13,4.56000
2006-02-14,4.56000
2006-02-15,4.55875
2006-02-16,4.56000
2006-02-17,4.56000
2006-02-20,4.56000
2006-02-21,4.56000
2006-02-22,4.56000
2006-02-23,4.56000
2006-02-24,4.56000
2006-02-27,4.56125
2006-02-28,4.56000
2006-03-01,4.56063
2006-03-02,4.56281
2006-03-03,4.56281
2006-03-06,4.56281
2006-03-07,4.56344
2006-03-08,4.56438
2006-03-09,4.56313
2006-03-10,4.56938
2006-03-13,4.56750
2006-03-14,4.57000
2006-03-15,4.57125
2006-03-16,4.62125
2006-03-17,4.65313
2006-03-20,4.69375
2006-03-21,4.72563
2006-03-22,4.76250
2006-03-23,4.83500
2006-03-24,4.84375
2006-03-27,4.84500
2006-03-28,4.85000
2006-03-29,4.85125
2006-03-30,4.81188
2006-03-31,4.81375
2006-04-03,4.81375
2006-04-04,4.81438
2006-04-05,4.81563
2006-04-06,4.81500
2006-04-07,4.81500
2006-04-10,4.81813
2006-04-11,4.82000
2006-04-12,4.81938
2006-04-13,4.82125
2006-04-14,.
2006-04-17,.
2006-04-18,4.81750
2006-04-19,4.81563
2006-04-20,4.83000
2006-04-21,4.83750
2006-04-24,4.84688
2006-04-25,4.85813
2006-04-26,4.87250
2006-04-27,4.91438
2006-04-28,4.93625
2006-05-01,.
2006-05-02,4.97125
2006-05-03,5.00875
2006-05-04,5.04313
2006-05-05,5.05438
2006-05-08,5.06063
2006-05-09,5.06063
2006-05-10,5.06063
2006-05-11,5.06188
2006-05-12,5.06125
2006-05-15,5.06063
2006-05-16,5.06063
2006-05-17,5.06000
2006-05-18,5.06000
2006-05-19,5.06500
2006-05-22,5.06000
2006-05-23,5.06500
2006-05-24,5.06688
2006-05-25,5.06875
2006-05-26,5.06875
2006-05-29,.
2006-05-30,5.06625
2006-05-31,5.06813
2006-06-01,5.06938
2006-06-02,5.06500
2006-06-05,5.06375
2006-06-06,5.06375
2006-06-07,5.06750
2006-06-08,5.07000
2006-06-09,5.07000
2006-06-12,5.07000
2006-06-13,5.07250
2006-06-14,5.07188
2006-06-15,5.09000
2006-06-16,5.11000
2006-06-19,5.12625
2006-06-20,5.15250
2006-06-21,5.19125
2006-06-22,5.30000
2006-06-23,5.33125
2006-06-26,5.34625
2006-06-27,5.36000
2006-06-28,5.37313
2006-06-29,5.33875
2006-06-30,5.32250
2006-07-03,5.32000
2006-07-04,5.31750
2006-07-05,5.31250
2006-07-06,5.31500
2006-07-07,5.31500
2006-07-10,5.31313
2006-07-11,5.31344
2006-07-12,5.31000
2006-07-13,5.31375
2006-07-14,5.31375
2006-07-17,5.31063
2006-07-18,5.31000
2006-07-19,5.31000
2006-07-20,5.31000
2006-07-21,5.31250
2006-07-24,5.31000
2006-07-25,5.31438
2006-07-26,5.32000
2006-07-27,5.33375
2006-07-28,5.33250
2006-07-31,5.33063
2006-08-01,5.33188
2006-08-02,5.34438
2006-08-03,5.36250
2006-08-04,5.38563
2006-08-07,5.34563
2006-08-08,5.34813
2006-08-09,5.31000
2006-08-10,5.31000
2006-08-11,5.31250
2006-08-14,5.31375
2006-08-15,5.31188
2006-08-16,5.31000
2006-08-17,5.30750
2006-08-18,5.30875
2006-08-21,5.30750
2006-08-22,5.30438
2006-08-23,5.30938
2006-08-24,5.31250
2006-08-25,5.31125
2006-08-28,.
2006-08-29,5.31375
2006-08-30,5.31063
2006-08-31,5.30875
2006-09-01,5.30875
2006-09-04,5.30750
2006-09-05,5.30563
2006-09-06,5.30313
2006-09-07,5.30938
2006-09-08,5.31000
2006-09-11,5.31000
2006-09-12,5.31000
2006-09-13,5.31125
2006-09-14,5.30750
2006-09-15,5.30625
2006-09-18,5.30313
2006-09-19,5.30188
2006-09-20,5.30000
2006-09-21,5.32500
2006-09-22,5.32313
2006-09-25,5.32563
2006-09-26,5.32375
2006-09-27,5.32813
2006-09-28,5.31250
2006-09-29,5.31063
2006-10-02,5.31125
2006-10-03,5.30750
2006-10-04,5.30563
2006-10-05,5.30375
2006-10-06,5.30313
2006-10-09,5.30438
2006-10-10,5.30375
2006-10-11,5.30438
2006-10-12,5.30563
2006-10-13,5.30383
2006-10-16,5.30563
2006-10-17,5.30563
2006-10-18,5.30188
2006-10-19,5.30000
2006-10-20,5.30063
2006-10-23,5.30875
2006-10-24,5.30625
2006-10-25,5.30563
2006-10-26,5.30813
2006-10-27,5.31000
2006-10-30,5.30375
2006-10-31,5.30563
2006-11-01,5.30625
2006-11-02,5.30563
2006-11-03,5.30625
2006-11-06,5.30500
2006-11-07,5.30500
2006-11-08,5.30375
2006-11-09,5.30500
2006-11-10,5.30500
2006-11-13,5.30125
2006-11-14,5.30141
2006-11-15,5.30125
2006-11-16,5.30000
2006-11-17,5.30000
2006-11-20,5.30250
2006-11-21,5.30625
2006-11-22,5.30625
2006-11-23,5.30625
2006-11-24,5.30688
2006-11-27,5.30649
2006-11-28,5.30688
2006-11-29,5.30274
2006-11-30,5.30222
2006-12-01,5.30063
2006-12-04,5.30063
2006-12-05,5.30000
2006-12-06,5.30000
2006-12-07,5.30000
2006-12-08,5.30000
2006-12-11,5.30500
2006-12-12,5.30500
2006-12-13,5.30375
2006-12-14,5.30188
2006-12-15,5.30250
2006-12-18,5.30438
2006-12-19,5.30305
2006-12-20,5.30438
2006-12-21,5.36938
2006-12-22,5.36875
2006-12-25,.
2006-12-26,.
2006-12-27,5.36688
2006-12-28,5.31500
2006-12-29,5.31375
2007-01-01,.
2007-01-02,5.31000
2007-01-03,5.30625
2007-01-04,5.30625
2007-01-05,5.30375
2007-01-08,5.30313
2007-01-09,5.30813
2007-01-10,5.30938
2007-01-11,5.30875
2007-01-12,5.30500
2007-01-15,5.30625
2007-01-16,5.30375
2007-01-17,5.30375
2007-01-18,5.30188
2007-01-19,5.30375
2007-01-22,5.30063
2007-01-23,5.30438
2007-01-24,5.30188
2007-01-25,5.30500
2007-01-26,5.30563
2007-01-29,5.30750
2007-01-30,5.30563
2007-01-31,5.30313
2007-02-01,5.30313
2007-02-02,5.30313
2007-02-05,5.30313
2007-02-06,5.30313
2007-02-07,5.30250
2007-02-08,5.30313
2007-02-09,5.30313
2007-02-12,5.30250
2007-02-13,5.30375
2007-02-14,5.30438
2007-02-15,5.30500
2007-02-16,5.30438
2007-02-19,5.30438
2007-02-20,5.30875
2007-02-21,5.30875
2007-02-22,5.31000
2007-02-23,5.30938
2007-02-26,5.31000
2007-02-27,5.31000
2007-02-28,5.30875
2007-03-01,5.30850
2007-03-02,5.30850
2007-03-05,5.30475
2007-03-06,5.30813
2007-03-07,5.30813
2007-03-08,5.30813
2007-03-09,5.30938
2007-03-12,5.31000
2007-03-13,5.31000
2007-03-14,5.31000
2007-03-15,5.31000
2007-03-16,5.31000
2007-03-19,5.31000
2007-03-20,5.31000
2007-03-21,5.30975
2007-03-22,5.33000
2007-03-23,5.33500
2007-03-26,5.33500
2007-03-27,5.33563
2007-03-28,5.34125
2007-03-29,5.31875
2007-03-30,5.31813
2007-04-02,5.31563
2007-04-03,5.31438
2007-04-04,5.31475
2007-04-05,5.31625
2007-04-06,.
2007-04-09,.
2007-04-10,5.31850
2007-04-11,5.32000
2007-04-12,5.32000
2007-04-13,5.32000
2007-04-16,5.32000
2007-04-17,5.32000
2007-04-18,5.32000
2007-04-19,5.31563
2007-04-20,5.31938
2007-04-23,5.32000
2007-04-24,5.32000
2007-04-25,5.32000
2007-04-26,5.32000
2007-04-27,5.32000
2007-04-30,5.31875
2007-05-01,5.31688
2007-05-02,5.31625
2007-05-03,5.31563
2007-05-04,5.31563
2007-05-07,.
2007-05-08,5.31188
2007-05-09,5.31388
2007-05-10,5.31450
2007-05-11,5.31450
2007-05-14,5.31200
2007-05-15,5.31350
2007-05-16,5.31475
2007-05-17,5.31488
2007-05-18,5.31488
2007-05-21,5.31425
2007-05-22,5.31625
2007-05-23,5.31950
2007-05-24,5.32000
2007-05-25,5.32000
2007-05-28,.
2007-05-29,5.32000
2007-05-30,5.31813
2007-05-31,5.31938
2007-06-01,5.31688
2007-06-04,5.31625
2007-06-05,5.31750
2007-06-06,5.31750
2007-06-07,5.31813
2007-06-08,5.31850
2007-06-11,5.32000
2007-06-12,5.32000
2007-06-13,5.32000
2007-06-14,5.32000
2007-06-15,5.32000
2007-06-18,5.31875
2007-06-19,5.31825
2007-06-20,5.31725
2007-06-21,5.33625
2007-06-22,5.34000
2007-06-25,5.34375
2007-06-26,5.35000
2007-06-27,5.35500
2007-06-28,5.32000
2007-06-29,5.32000
2007-07-02,5.31875
2007-07-03,5.31725
2007-07-04,5.31850
2007-07-05,5.31850
2007-07-06,5.31600
2007-07-09,5.31413
2007-07-10,5.31538
2007-07-11,5.31663
2007-07-12,5.31725
2007-07-13,5.31688
2007-07-16,5.31513
2007-07-17,5.31188
2007-07-18,5.31163
2007-07-19,5.31350
2007-07-20,5.31388
2007-07-23,5.31850
2007-07-24,5.32000
2007-07-25,5.32000
2007-07-26,5.32000
2007-07-27,5.32125
2007-07-30,5.32063
2007-07-31,5.32063
2007-08-01,5.32125
2007-08-02,5.32125
2007-08-03,5.32000
2007-08-06,5.32000
2007-08-07,5.32000
2007-08-08,5.34063
2007-08-09,5.66250
2007-08-10,6.00625
2007-08-13,5.82500
2007-08-14,5.56625
2007-08-15,5.48750
2007-08-16,5.38875
2007-08-17,5.41875
2007-08-20,5.40500
2007-08-21,5.42125
2007-08-22,5.41063
2007-08-23,5.42500
2007-08-24,5.42625
2007-08-27,.
2007-08-28,5.45000
2007-08-29,5.60000
2007-08-30,5.69500
2007-08-31,5.70625
2007-09-03,5.77250
2007-09-04,5.78125
2007-09-05,5.76750
2007-09-06,5.75500
2007-09-07,5.73625
2007-09-10,5.69250
2007-09-11,5.62125
2007-09-12,5.42500
2007-09-13,5.35000
2007-09-14,5.26938
2007-09-17,5.27500
2007-09-18,5.25875
2007-09-19,4.97250
2007-09-20,5.02875
2007-09-21,5.03750
2007-09-24,5.05250
2007-09-25,5.07250
2007-09-26,5.07125
2007-09-27,5.06250
2007-09-28,5.06125
2007-10-01,5.05563
2007-10-02,5.06125
2007-10-03,5.05625
2007-10-04,5.04625
2007-10-05,5.02625
2007-10-08,5.01625
2007-10-09,4.99750
2007-10-10,4.98875
2007-10-11,4.97750
2007-10-12,4.94750
2007-10-15,4.92625
2007-10-16,4.91875
2007-10-17,4.89875
2007-10-18,4.88625
2007-10-19,4.86125
2007-10-22,4.84250
2007-10-23,4.84875
2007-10-24,4.84625
2007-10-25,4.80875
2007-10-26,4.80000
2007-10-29,4.77875
2007-10-30,4.75125
2007-10-31,4.71375
2007-11-01,4.65000
2007-11-02,4.65000
2007-11-05,4.64625
2007-11-06,4.64563
2007-11-07,4.63375
2007-11-08,4.62750
2007-11-09,4.62625
2007-11-12,4.62375
2007-11-13,4.62750
2007-11-14,4.66375
2007-11-15,4.71375
2007-11-16,4.74250
2007-11-19,4.73000
2007-11-20,4.74750
2007-11-21,4.75000
2007-11-22,4.77375
2007-11-23,4.77000
2007-11-26,4.79500
2007-11-27,4.80750
2007-11-28,4.84250
2007-11-29,4.86750
2007-11-30,4.87375
2007-12-03,4.86750
2007-12-04,4.87500
2007-12-05,4.86375
2007-12-06,4.85000
2007-12-07,4.73625
2007-12-10,4.59875
2007-12-11,4.45000
2007-12-12,4.36875
2007-12-13,4.36125
2007-12-14,4.35250
2007-12-17,4.36375
2007-12-18,4.38625
2007-12-19,4.38875
2007-12-20,4.39125
2007-12-21,5.09375
2007-12-24,5.08750
2007-12-25,.
2007-12-26,.
2007-12-27,5.06000
2007-12-28,4.47250
2007-12-31,4.48750
2008-01-01,.
2008-01-02,4.49875
2008-01-03,4.49750
2008-01-04,4.47750
2008-01-07,4.39375
2008-01-08,4.37375
2008-01-09,4.34375
2008-01-10,4.33000
2008-01-11,4.30875
2008-01-14,4.30000
2008-01-15,4.29938
2008-01-16,4.29250
2008-01-17,4.29250
2008-01-18,4.28500
2008-01-21,4.28000
2008-01-22,4.13000
2008-01-23,3.48875
2008-01-24,3.42625
2008-01-25,3.39625
2008-01-28,3.35250
2008-01-29,3.31625
2008-01-30,3.27750
2008-01-31,3.14750
2008-02-01,3.14875
2008-02-04,3.19375
2008-02-05,3.24625
2008-02-06,3.19875
2008-02-07,3.11750
2008-02-08,3.10875
2008-02-11,3.10375
2008-02-12,3.10750
2008-02-13,3.11500
2008-02-14,3.12563
2008-02-15,3.13625
2008-02-18,3.13375
2008-02-19,3.13875
2008-02-20,3.14500
2008-02-21,3.15313
2008-02-22,3.13500
2008-02-25,3.14188
2008-02-26,3.14125
2008-02-27,3.14250
2008-02-28,3.14250
2008-02-29,3.13750
2008-03-03,3.13625
2008-03-04,3.13438
2008-03-05,3.13375
2008-03-06,3.12813
2008-03-07,3.10688
2008-03-10,3.08000
2008-03-11,3.04250
2008-03-12,2.95625
2008-03-13,2.87625
2008-03-14,2.76000
2008-03-17,2.60250
2008-03-18,2.63000
2008-03-19,2.68625
2008-03-20,2.76250
2008-03-21,.
2008-03-24,.
2008-03-25,2.83500
2008-03-26,2.92750
2008-03-27,3.04375
2008-03-28,2.97000
2008-03-31,2.95375
2008-04-01,2.99125
2008-04-02,2.97625
2008-04-03,2.93500
2008-04-04,2.86125
2008-04-07,2.82875
2008-04-08,2.82125
2008-04-09,2.80625
2008-04-10,2.79250
2008-04-11,2.75125
2008-04-14,2.73750
2008-04-15,2.72625
2008-04-16,2.74000
2008-04-17,2.77625
2008-04-18,2.80625
2008-04-21,2.80250
2008-04-22,2.83313
2008-04-23,2.83375
2008-04-24,2.81625
2008-04-25,2.78875
2008-04-28,2.75875
2008-04-29,2.70750
2008-04-30,2.68188
2008-05-01,2.60750
2008-05-02,2.60500
2008-05-05,.
2008-05-06,2.58500
2008-05-07,2.53375
2008-05-08,2.47250
2008-05-09,2.42250
2008-05-12,2.40000
2008-05-13,2.39750
2008-05-14,2.40000
2008-05-15,2.39625
2008-05-16,2.39750
2008-05-19,2.38625
2008-05-20,2.33500
2008-05-21,2.30250
2008-05-22,2.29875
2008-05-23,2.29375
2008-05-26,.
2008-05-27,2.30875
2008-05-28,2.36000
2008-05-29,2.41813
2008-05-30,2.43000
2008-06-02,2.42125
2008-06-03,2.40625
2008-06-04,2.38313
2008-06-05,2.35250
2008-06-06,2.34125
2008-06-09,2.31875
2008-06-10,2.31125
2008-06-11,2.30000
2008-06-12,2.29625
2008-06-13,2.29750
2008-06-16,2.30375
2008-06-17,2.30000
2008-06-18,2.30250
2008-06-19,2.30000
2008-06-20,2.69750
2008-06-23,2.69875
2008-06-24,2.69125
2008-06-25,2.68000
2008-06-26,2.70250
2008-06-27,2.46875
2008-06-30,2.45625
2008-07-01,2.45875
2008-07-02,2.46250
2008-07-03,2.45750
2008-07-04,2.45000
2008-07-07,2.44875
2008-07-08,2.44250
2008-07-09,2.43375
2008-07-10,2.42125
2008-07-11,2.41125
2008-07-14,2.40500
2008-07-15,2.40250
2008-07-16,2.39500
2008-07-17,2.39500
2008-07-18,2.37438
2008-07-21,2.36625
2008-07-22,2.36625
2008-07-23,2.39188
2008-07-24,2.38938
2008-07-25,2.38938
2008-07-28,2.42875
2008-07-29,2.46250
2008-07-30,2.45563
2008-07-31,2.43500
2008-08-01,2.41375
2008-08-04,2.41063
2008-08-05,2.41625
2008-08-06,2.40625
2008-08-07,2.41500
2008-08-08,2.40875
2008-08-11,2.40125
2008-08-12,2.39875
2008-08-13,2.40188
2008-08-14,2.39938
2008-08-15,2.39813
2008-08-18,2.39500
2008-08-19,2.39188
2008-08-20,2.37875
2008-08-21,2.41375
2008-08-22,2.41750
2008-08-25,.
2008-08-26,2.42750
2008-08-27,2.44000
2008-08-28,2.41500
2008-08-29,2.40625
2008-09-01,2.39500
2008-09-02,2.39375
2008-09-03,2.39000
2008-09-04,2.37875
2008-09-05,2.37563
2008-09-08,2.36375
2008-09-09,2.35250
2008-09-10,2.34750
2008-09-11,2.34375
2008-09-12,2.34000
2008-09-15,2.49375
2008-09-16,3.87500
2008-09-17,4.36875
2008-09-18,4.33750
2008-09-19,3.83125
2008-09-22,3.83125
2008-09-23,3.84375
2008-09-24,3.93750
2008-09-25,4.00000
2008-09-26,3.96875
2008-09-29,3.89375
2008-09-30,4.25000
2008-10-01,4.15625
2008-10-02,4.06875
2008-10-03,4.04875
2008-10-06,3.93750
2008-10-07,4.16875
2008-10-08,4.51875
2008-10-09,4.76250
2008-10-10,4.68750
2008-10-13,4.57500
2008-10-14,4.07500
2008-10-15,3.82500
2008-10-16,3.45000
2008-10-17,3.15625
2008-10-20,2.71875
2008-10-21,2.43750
2008-10-22,2.16875
2008-10-23,2.19750
2008-10-24,2.16250
2008-10-27,2.13875
2008-10-28,2.09125
2008-10-29,2.01625
2008-10-30,1.63750
2008-10-31,1.31875
2008-11-03,1.04375
2008-11-04,0.98125
2008-11-05,0.93625
2008-11-06,0.85000
2008-11-07,0.86250
2008-11-10,0.83750
2008-11-11,0.80250
2008-11-12,0.84000
2008-11-13,0.87500
2008-11-14,0.91250
2008-11-17,0.91875
2008-11-18,0.94375
2008-11-19,0.91875
2008-11-20,0.96250
2008-11-21,1.03875
2008-11-24,1.08750
2008-11-25,1.13125
2008-11-26,1.17250
2008-11-27,1.18875
2008-11-28,1.21125
2008-12-01,1.20625
2008-12-02,1.19875
2008-12-03,1.18625
2008-12-04,1.05625
2008-12-05,0.91875
2008-12-08,0.73750
2008-12-09,0.60000
2008-12-10,0.49375
2008-12-11,0.39375
2008-12-12,0.36250
2008-12-15,0.32000
2008-12-16,0.32500
2008-12-17,0.27000
2008-12-18,0.26125
2008-12-19,0.26000
2008-12-22,0.26500
2008-12-23,0.48625
2008-12-24,0.44000
2008-12-25,.
2008-12-26,.
2008-12-29,0.44875
2008-12-30,0.40063
2008-12-31,0.38500
2009-01-01,.
2009-01-02,0.31375
2009-01-05,0.29000
2009-01-06,0.29750
2009-01-07,0.28375
2009-01-08,0.26625
2009-01-09,0.24750
2009-01-12,0.24625
2009-01-13,0.23625
2009-01-14,0.23250
2009-01-15,0.24125
2009-01-16,0.24313
2009-01-19,0.24188
2009-01-20,0.24250
2009-01-21,0.25875
2009-01-22,0.29125
2009-01-23,0.29750
2009-01-26,0.31000
2009-01-27,0.31750
2009-01-28,0.30875
2009-01-29,0.31625
2009-01-30,0.32375
2009-02-02,0.34125
2009-02-03,0.35125
2009-02-04,0.36250
2009-02-05,0.36250
2009-02-06,0.36125
2009-02-09,0.35375
2009-02-10,0.35625
2009-02-11,0.35250
2009-02-12,0.36000
2009-02-13,0.35875
2009-02-16,0.36375
2009-02-17,0.36438
2009-02-18,0.36625
2009-02-19,0.37000
2009-02-20,0.36875
2009-02-23,0.36375
2009-02-24,0.37625
2009-02-25,0.36875
2009-02-26,0.37125
2009-02-27,0.37750
2009-03-02,0.37500
2009-03-03,0.38125
2009-03-04,0.38625
2009-03-05,0.38750
2009-03-06,0.39500
2009-03-09,0.40250
2009-03-10,0.40625
2009-03-11,0.41063
2009-03-12,0.41125
2009-03-13,0.40500
2009-03-16,0.40938
2009-03-17,0.40875
2009-03-18,0.40625
2009-03-19,0.40250
2009-03-20,0.39875
2009-03-23,0.43500
2009-03-24,0.44625
2009-03-25,0.45125
2009-03-26,0.45938
2009-03-27,0.46063
2009-03-30,0.43938
2009-03-31,0.42750
2009-04-01,0.40875
2009-04-02,0.40000
2009-04-03,0.38750
2009-04-06,0.38375
2009-04-07,0.38250
2009-04-08,0.38375
2009-04-09,0.36875
2009-04-10,.
2009-04-13,.
2009-04-14,0.35750
2009-04-15,0.35563
2009-04-16,0.35063
2009-04-17,0.34750
2009-04-20,0.33438
2009-04-21,0.32500
2009-04-22,0.32750
2009-04-23,0.32188
2009-04-24,0.32125
2009-04-27,0.32125
2009-04-28,0.33125
2009-04-29,0.33125
2009-04-30,0.32875
2009-05-01,0.33125
2009-05-04,.
2009-05-05,0.32125
2009-05-06,0.31875
2009-05-07,0.31250
2009-05-08,0.30750
2009-05-11,0.30125
2009-05-12,0.29875
2009-05-13,0.29438
2009-05-14,0.29125
2009-05-15,0.28813
2009-05-18,0.28063
2009-05-19,0.28125
2009-05-20,0.28125
2009-05-21,0.28375
2009-05-22,0.28188
2009-05-25,.
2009-05-26,0.27750
2009-05-27,0.28625
2009-05-28,0.28875
2009-05-29,0.29125
2009-06-01,0.29375
2009-06-02,0.29063
2009-06-03,0.29000
2009-06-04,0.28875
2009-06-05,0.29125
2009-06-08,0.29063
2009-06-09,0.29438
2009-06-10,0.29375
2009-06-11,0.29250
2009-06-12,0.29000
2009-06-15,0.28813
2009-06-16,0.28813
2009-06-17,0.28563
2009-06-18,0.28750
2009-06-19,0.28875
2009-06-22,0.29500
2009-06-23,0.29688
2009-06-24,0.29438
2009-06-25,0.29438
2009-06-26,0.29438
2009-06-29,0.29188
2009-06-30,0.29000
2009-07-01,0.28750
2009-07-02,0.28438
2009-07-03,0.28250
2009-07-06,0.28375
2009-07-07,0.27938
2009-07-08,0.27625
2009-07-09,0.27563
2009-07-10,0.27125
2009-07-13,0.26938
2009-07-14,0.26938
2009-07-15,0.26563
2009-07-16,0.26813
2009-07-17,0.26688
2009-07-20,0.26375
2009-07-21,0.26375
2009-07-22,0.26250
2009-07-23,0.26250
2009-07-24,0.26250
2009-07-27,0.26125
2009-07-28,0.25938
2009-07-29,0.26188
2009-07-30,0.25938
2009-07-31,0.25875
2009-08-03,0.25875
2009-08-04,0.26000
2009-08-05,0.26125
2009-08-06,0.26125
2009-08-07,0.26250
2009-08-10,0.26250
2009-08-11,0.26125
2009-08-12,0.26125
2009-08-13,0.26000
2009-08-14,0.26000
2009-08-17,0.26000
2009-08-18,0.25625
2009-08-19,0.25625
2009-08-20,0.25438
2009-08-21,0.25438
2009-08-24,0.25563
2009-08-25,0.25438
2009-08-26,0.25313
2009-08-27,0.25063
2009-08-28,0.24875
2009-08-31,.
2009-09-01,0.25125
2009-09-02,0.24875
2009-09-03,0.24875
2009-09-04,0.24875
2009-09-07,0.24750
2009-09-08,0.24750
2009-09-09,0.24213
2009-09-10,0.24063
2009-09-11,0.24025
2009-09-14,0.23938
2009-09-15,0.23938
2009-09-16,0.23938
2009-09-17,0.24063
2009-09-18,0.24188
2009-09-21,0.24313
2009-09-22,0.24188
2009-09-23,0.24188
2009-09-24,0.24063
2009-09-25,0.24063
2009-09-28,0.24063
2009-09-29,0.23938
2009-09-30,0.23875
2009-10-01,0.23875
2009-10-02,0.23563
2009-10-05,0.23625
2009-10-06,0.23688
2009-10-07,0.23563
2009-10-08,0.23500
2009-10-09,0.23000
2009-10-12,0.23125
2009-10-13,0.23188
2009-10-14,0.23188
2009-10-15,0.23188
2009-10-16,0.23188
2009-10-19,0.22938
2009-10-20,0.22938
2009-10-21,0.22750
2009-10-22,0.22688
2009-10-23,0.22688
2009-10-26,0.22563
2009-10-27,0.22500
2009-10-28,0.22313
2009-10-29,0.22063
2009-10-30,0.22125
2009-11-02,0.22000
2009-11-03,0.22000
2009-11-04,0.22000
2009-11-05,0.22000
2009-11-06,0.21688
2009-11-09,0.21625
2009-11-10,0.21625
2009-11-11,0.21625
2009-11-12,0.21625
2009-11-13,0.21625
2009-11-16,0.21625
2009-11-17,0.21563
2009-11-18,0.21563
2009-11-19,0.21563
2009-11-20,0.21500
2009-11-23,0.21750
2009-11-24,0.21625
2009-11-25,0.21625
2009-11-26,0.21500
2009-11-27,0.21500
2009-11-30,0.21625
2009-12-01,0.21625
2009-12-02,0.21531
2009-12-03,0.21531
2009-12-04,0.21563
2009-12-07,0.21438
2009-12-08,0.21438
2009-12-09,0.21438
2009-12-10,0.21375
2009-12-11,0.21281
2009-12-14,0.21313
2009-12-15,0.21375
2009-12-16,0.21375
2009-12-17,0.21375
2009-12-18,0.21250
2009-12-21,0.21188
2009-12-22,0.21063
2009-12-23,0.21500
2009-12-24,0.21500
2009-12-25,.
2009-12-28,.
2009-12-29,0.21688
2009-12-30,0.21563
2009-12-31,0.21375
2010-01-01,.
2010-01-04,0.20813
2010-01-05,0.20813
2010-01-06,0.20813
2010-01-07,0.20813
2010-01-08,0.20813
2010-01-11,0.20750
2010-01-12,0.20750
2010-01-13,0.20750
2010-01-14,0.20750
2010-01-15,0.20750
2010-01-18,0.20750
2010-01-19,0.20750
2010-01-20,0.20750
2010-01-21,0.20875
2010-01-22,0.20875
2010-01-25,0.20875
2010-01-26,0.20875
2010-01-27,0.20875
2010-01-28,0.20625
2010-01-29,0.20625
2010-02-01,0.20750
2010-02-02,0.20875
2010-02-03,0.20750
2010-02-04,0.20750
2010-02-05,0.20875
2010-02-08,0.20875
2010-02-09,0.20875
2010-02-10,0.20750
2010-02-11,0.20875
2010-02-12,0.20875
2010-02-15,0.20750
2010-02-16,0.20875
2010-02-17,0.20875
2010-02-18,0.20875
2010-02-19,0.20875
2010-02-22,0.20750
2010-02-23,0.20750
2010-02-24,0.20750
2010-02-25,0.20750
2010-02-26,0.20688
2010-03-01,0.20750
2010-03-02,0.20750
2010-03-03,0.20750
2010-03-04,0.20813
2010-03-05,0.20938
2010-03-08,0.21125
2010-03-09,0.21125
2010-03-10,0.21000
2010-03-11,0.21000
2010-03-12,0.21000
2010-03-15,0.21125
2010-03-16,0.22063
2010-03-17,0.22750
2010-03-18,0.22906
2010-03-19,0.23500
2010-03-22,0.23469
2010-03-23,0.23438
2010-03-24,0.23438
2010-03-25,0.23375
2010-03-26,0.23500
2010-03-29,0.23125
2010-03-30,0.23388
2010-03-31,0.23388
2010-04-01,0.23388
2010-04-02,.
2010-04-05,.
2010-04-06,0.23638
2010-04-07,0.23763
2010-04-08,0.23763
2010-04-09,0.24013
2010-04-12,0.24075
2010-04-13,0.24200
2010-04-14,0.24325
2010-04-15,0.24600
2010-04-16,0.24713
2010-04-19,0.25213
2010-04-20,0.25588
2010-04-21,0.25338
2010-04-22,0.25550
2010-04-23,0.25625
2010-04-26,0.25844
2010-04-27,0.26000
2010-04-28,0.26338
2010-04-29,0.26500
2010-04-30,0.26625
2010-05-03,.
2010-05-04,0.27094
2010-05-05,0.27625
2010-05-06,0.27894
2010-05-07,0.32313
2010-05-10,0.32188
2010-05-11,0.31813
2010-05-12,0.31813
2010-05-13,0.31625
2010-05-14,0.31500
2010-05-17,0.31875
2010-05-18,0.31775
2010-05-19,0.32025
2010-05-20,0.32213
2010-05-21,0.32213
2010-05-24,0.32400
2010-05-25,0.33025
2010-05-26,0.33125
2010-05-27,0.33250
2010-05-28,0.33125
2010-05-31,.
2010-06-01,0.33125
2010-06-02,0.33000
2010-06-03,0.33000
2010-06-04,0.33000
2010-06-07,0.32938
2010-06-08,0.32938
2010-06-09,0.32938
2010-06-10,0.32938
2010-06-11,0.32938
2010-06-14,0.32938
2010-06-15,0.32938
2010-06-16,0.32938
2010-06-17,0.32813
2010-06-18,0.32875
2010-06-21,0.32750
2010-06-22,0.32875
2010-06-23,0.32875
2010-06-24,0.32875
2010-06-25,0.32875
2010-06-28,0.32875
2010-06-29,0.32750
2010-06-30,0.32875
2010-07-01,0.32875
2010-07-02,0.32875
2010-07-05,0.32750
2010-07-06,0.32750
2010-07-07,0.32500
2010-07-08,0.32338
2010-07-09,0.32063
2010-07-12,0.31813
2010-07-13,0.31656
2010-07-14,0.31625
2010-07-15,0.31500
2010-07-16,0.31375
2010-07-19,0.31313
2010-07-20,0.31425
2010-07-21,0.31094
2010-07-22,0.31100
2010-07-23,0.30944
2010-07-26,0.30788
2010-07-27,0.30475
2010-07-28,0.30206
2010-07-29,0.29850
2010-07-30,0.29313
2010-08-02,0.28963
2010-08-03,0.28713
2010-08-04,0.28438
2010-08-05,0.28300
2010-08-06,0.28019
2010-08-09,0.27725
2010-08-10,0.27313
2010-08-11,0.26713
2010-08-12,0.26438
2010-08-13,0.26206
2010-08-16,0.25994
2010-08-17,0.25875
2010-08-18,0.25875
2010-08-19,0.25831
2010-08-20,0.25656
2010-08-23,0.25656
2010-08-24,0.25563
2010-08-25,0.25469
2010-08-26,0.25281
2010-08-27,0.25281
2010-08-30,.
2010-08-31,0.25281
2010-09-01,0.25181
2010-09-02,0.25181
2010-09-03,0.25181
2010-09-06,0.25056
2010-09-07,0.25181
2010-09-08,0.25150
2010-09-09,0.25150
2010-09-10,0.25150
2010-09-13,0.25150
2010-09-14,0.25150
2010-09-15,0.25150
2010-09-16,0.25150
2010-09-17,0.25150
2010-09-20,0.25150
2010-09-21,0.25025
2010-09-22,0.25025
2010-09-23,0.25025
2010-09-24,0.25025
2010-09-27,0.25025
2010-09-28,0.25025
2010-09-29,0.25025
2010-09-30,0.25025
2010-10-01,0.25025
2010-10-04,0.25025
2010-10-05,0.25025
2010-10-06,0.25025
2010-10-07,0.25025
2010-10-08,0.25025
2010-10-11,0.25025
2010-10-12,0.25025
2010-10-13,0.25025
2010-10-14,0.25150
2010-10-15,0.25150
2010-10-18,0.25150
2010-10-19,0.25150
2010-10-20,0.25150
2010-10-21,0.25150
2010-10-22,0.25150
2010-10-25,0.25150
2010-10-26,0.24981
2010-10-27,0.24981
2010-10-28,0.24856
2010-10-29,0.24841
2010-11-01,0.24841
2010-11-02,0.24828
2010-11-03,0.24828
2010-11-04,0.24828
2010-11-05,0.24828
2010-11-08,0.24828
2010-11-09,0.24828
2010-11-10,0.24828
2010-11-11,0.24828
2010-11-12,0.24828
2010-11-15,0.24703
2010-11-16,0.24828
2010-11-17,0.24828
2010-11-18,0.24828
2010-11-19,0.24953
2010-11-22,0.24953
2010-11-23,0.24953
2010-11-24,0.24953
2010-11-25,0.25078
2010-11-26,0.25203
2010-11-29,0.25203
2010-11-30,0.25328
2010-12-01,0.25375
2010-12-02,0.25375
2010-12-03,0.25500
2010-12-06,0.25500
2010-12-07,0.25500
2010-12-08,0.25500
2010-12-09,0.25469
2010-12-10,0.25469
2010-12-13,0.25344
2010-12-14,0.25344
2010-12-15,0.25344
2010-12-16,0.25344
2010-12-17,0.25344
2010-12-20,0.25375
2010-12-21,0.25375
2010-12-22,0.25375
2010-12-23,0.25375
2010-12-24,0.25438
2010-12-27,.
2010-12-28,.
2010-12-29,0.25438
2010-12-30,0.25438
2010-12-31,0.25438
2011-01-03,.
2011-01-04,0.25438
2011-01-05,0.25438
2011-01-06,0.25438
2011-01-07,0.25438
2011-01-10,0.25438
2011-01-11,0.25438
2011-01-12,0.25438
2011-01-13,0.25438
2011-01-14,0.25438
2011-01-17,0.25438
2011-01-18,0.25375
2011-01-19,0.25375
2011-01-20,0.25375
2011-01-21,0.25375
2011-01-24,0.25375
2011-01-25,0.25375
2011-01-26,0.25375
2011-01-27,0.25375
2011-01-28,0.25375
2011-01-31,0.25375
2011-02-01,0.25300
2011-02-02,0.25200
2011-02-03,0.25300
2011-02-04,0.25300
2011-02-07,0.25300
2011-02-08,0.25250
2011-02-09,0.25250
2011-02-10,0.25250
2011-02-11,0.25250
2011-02-14,0.25150
2011-02-15,0.25150
2011-02-16,0.25150
2011-02-17,0.25100
2011-02-18,0.25100
2011-02-21,0.25100
2011-02-22,0.25050
2011-02-23,0.25050
2011-02-24,0.25050
2011-02-25,0.25050
2011-02-28,0.24950
2011-03-01,0.24950
2011-03-02,0.24850
2011-03-03,0.24750
2011-03-04,0.24700
2011-03-07,0.24550
2011-03-08,0.24550
2011-03-09,0.24540
2011-03-10,0.24390
2011-03-11,0.24340
2011-03-14,0.24320
2011-03-15,0.24295
2011-03-16,0.24195
2011-03-17,0.23970
2011-03-18,0.23870
2011-03-21,0.23770
2011-03-22,0.23470
2011-03-23,0.23370
2011-03-24,0.23250
2011-03-25,0.23025
2011-03-28,0.22800
2011-03-29,0.22700
2011-03-30,0.22430
2011-03-31,0.22380
2011-04-01,0.22330
2011-04-04,0.21850
2011-04-05,0.21225
2011-04-06,0.20825
2011-04-07,0.20320
2011-04-08,0.19950
2011-04-11,0.19625
2011-04-12,0.19105
2011-04-13,0.18850
2011-04-14,0.18350
2011-04-15,0.18080
2011-04-18,0.18020
2011-04-19,0.18010
2011-04-20,0.18060
2011-04-21,0.18035
2011-04-22,.
2011-04-25,.
2011-04-26,0.18010
2011-04-27,0.17885
2011-04-28,0.17750
2011-04-29,.
2011-05-02,.
2011-05-03,0.17650
2011-05-04,0.17550
2011-05-05,0.17370
2011-05-06,0.17185
2011-05-09,0.17075
2011-05-10,0.16940
2011-05-11,0.16915
2011-05-12,0.16855
2011-05-13,0.16845
2011-05-16,0.16835
2011-05-17,0.16735
2011-05-18,0.16585
2011-05-19,0.16575
2011-05-20,0.16540
2011-05-23,0.16465
2011-05-24,0.16365
2011-05-25,0.16330
2011-05-26,0.16380
2011-05-27,0.16280
2011-05-30,.
2011-05-31,0.16270
2011-06-01,0.16270
2011-06-02,0.16270
2011-06-03,0.16270
2011-06-06,0.16270
2011-06-07,0.16270
2011-06-08,0.16270
2011-06-09,0.16270
2011-06-10,0.16270
2011-06-13,0.16120
2011-06-14,0.16095
2011-06-15,0.16095
2011-06-16,0.16125
2011-06-17,0.16125
2011-06-20,0.16075
2011-06-21,0.16075
2011-06-22,0.16075
2011-06-23,0.16075
2011-06-24,0.16075
2011-06-27,0.16075
2011-06-28,0.16075
2011-06-29,0.16075
2011-06-30,0.16075
2011-07-01,0.16075
2011-07-04,0.16075
2011-07-05,0.16075
2011-07-06,0.16075
2011-07-07,0.16075
2011-07-08,0.16075
2011-07-11,0.16075
2011-07-12,0.16075
2011-07-13,0.16075
2011-07-14,0.15975
2011-07-15,0.15950
2011-07-18,0.15950
2011-07-19,0.15950
2011-07-20,0.15850
2011-07-21,0.15850
2011-07-22,0.15850
2011-07-25,0.15850
2011-07-26,0.15850
2011-07-27,0.15850
2011-07-28,0.15900
2011-07-29,0.16260
2011-08-01,0.16344
2011-08-02,0.17750
2011-08-03,0.18556
2011-08-04,0.18000
2011-08-05,0.17722
2011-08-08,0.17667
2011-08-09,0.17889
2011-08-10,0.17556
2011-08-11,0.17778
2011-08-12,0.17811
2011-08-15,0.17989
2011-08-16,0.17989
2011-08-17,0.18044
2011-08-18,0.18044
2011-08-19,0.18044
2011-08-22,0.18194
2011-08-23,0.18417
2011-08-24,0.18500
2011-08-25,0.18667
2011-08-26,0.18556
2011-08-29,.
2011-08-30,0.18667
2011-08-31,0.18667
2011-09-01,0.18556
2011-09-02,0.18556
2011-09-05,0.18678
2011-09-06,0.18689
2011-09-07,0.18689
2011-09-08,0.18578
2011-09-09,0.18689
2011-09-12,0.18689
2011-09-13,0.18689
2011-09-14,0.18689
2011-09-15,0.18744
2011-09-16,0.18800
2011-09-19,0.18800
2011-09-20,0.18800
2011-09-21,0.18856
2011-09-22,0.18939
2011-09-23,0.19078
2011-09-26,0.19133
2011-09-27,0.19256
2011-09-28,0.19283
2011-09-29,0.19200
2011-09-30,0.19089
2011-10-03,0.19144
2011-10-04,0.19144
2011-10-05,0.19144
2011-10-06,0.19133
2011-10-07,0.19133
2011-10-10,0.19133
2011-10-11,0.19133
2011-10-12,0.19133
2011-10-13,0.18967
2011-10-14,0.18967
2011-10-17,0.18967
2011-10-18,0.18967
2011-10-19,0.18967
2011-10-20,0.18967
2011-10-21,0.19189
2011-10-24,0.19189
2011-10-25,0.19189
2011-10-26,0.19189
2011-10-27,0.18967
2011-10-28,0.18967
2011-10-31,0.18967
2011-11-01,0.18967
2011-11-02,0.18967
2011-11-03,0.19189
2011-11-04,0.19078
2011-11-07,0.19078
2011-11-08,0.19078
2011-11-09,0.19078
2011-11-10,0.19078
2011-11-11,0.19078
2011-11-14,0.19078
2011-11-15,0.19189
2011-11-16,0.19189
2011-11-17,0.19217
2011-11-18,0.19328
2011-11-21,0.19228
2011-11-22,0.19450
2011-11-23,0.19450
2011-11-24,0.19450
2011-11-25,0.19561
2011-11-28,0.19644
2011-11-29,0.19506
2011-11-30,0.19506
2011-12-01,0.19506
2011-12-02,0.19506
2011-12-05,0.20015
2011-12-06,0.20015
2011-12-07,0.20015
2011-12-08,0.20015
2011-12-09,0.20015
2011-12-12,0.20015
2011-12-13,0.20015
2011-12-14,0.20015
2011-12-15,0.20025
2011-12-16,0.20050
2011-12-19,0.20150
2011-12-20,0.20200
2011-12-21,0.20250
2011-12-22,0.21500
2011-12-23,0.21600
2011-12-26,.
2011-12-27,.
2011-12-28,0.21350
2011-12-29,0.20920
2011-12-30,0.20820
2012-01-02,.
2012-01-03,0.20820
2012-01-04,0.20720
2012-01-05,0.20620
2012-01-06,0.20620
2012-01-09,0.20620
2012-01-10,0.20420
2012-01-11,0.20420
2012-01-12,0.20370
2012-01-13,0.20150
2012-01-16,0.20050
2012-01-17,0.19990
2012-01-18,0.19980
2012-01-19,0.19880
2012-01-20,0.19770
2012-01-23,0.19970
2012-01-24,0.19970
2012-01-25,0.19820
2012-01-26,0.19750
2012-01-27,0.19750
2012-01-30,0.19650
2012-01-31,0.19650
2012-02-01,0.19520
2012-02-02,0.19550
2012-02-03,0.19550
2012-02-06,0.19550
2012-02-07,0.19500
2012-02-08,0.19400
2012-02-09,0.19220
2012-02-10,0.19120
2012-02-13,0.19120
2012-02-14,0.19120
2012-02-15,0.19120
2012-02-16,0.19070
2012-02-17,0.18870
2012-02-20,0.18870
2012-02-21,0.18970
2012-02-22,0.18970
2012-02-23,0.18970
2012-02-24,0.18970
2012-02-27,0.18870
2012-02-28,0.18870
2012-02-29,0.18870
2012-03-01,0.18870
2012-03-02,0.18860
2012-03-05,0.18860
2012-03-06,0.18860
2012-03-07,0.18860
2012-03-08,0.18860
2012-03-09,0.18860
2012-03-12,0.18860
2012-03-13,0.18770
2012-03-14,0.18770
2012-03-15,0.18820
2012-03-16,0.18820
2012-03-19,0.18820
2012-03-20,0.18970
2012-03-21,0.19020
2012-03-22,0.19020
2012-03-23,0.19020
2012-03-26,0.19120
2012-03-27,0.19120
2012-03-28,0.19150
2012-03-29,0.19120
2012-03-30,0.19120
2012-04-02,0.19020
2012-04-03,0.19020
2012-04-04,0.19020
2012-04-05,0.19020
2012-04-06,.
2012-04-09,.
2012-04-10,0.18920
2012-04-11,0.18920
2012-04-12,0.18920
2012-04-13,0.18870
2012-04-16,0.18870
2012-04-17,0.18870
2012-04-18,0.18870
2012-04-19,0.18870
2012-04-20,0.19070
2012-04-23,0.19070
2012-04-24,0.19060
2012-04-25,0.19060
2012-04-26,0.19060
2012-04-27,0.19060
2012-04-30,0.19060
2012-05-01,0.19060
2012-05-02,0.18860
2012-05-03,0.18960
2012-05-04,0.18960
2012-05-07,.
2012-05-08,0.18960
2012-05-09,0.18860
2012-05-10,0.18960
2012-05-11,0.18960
2012-05-14,0.19010
2012-05-15,0.19010
2012-05-16,0.19110
2012-05-17,0.19110
2012-05-18,0.19110
2012-05-21,0.19160
2012-05-22,0.19160
2012-05-23,0.19160
2012-05-24,0.19160
2012-05-25,0.19060
2012-05-28,0.19060
2012-05-29,0.19160
2012-05-30,0.19160
2012-05-31,0.19160
2012-06-01,0.19210
2012-06-04,.
2012-06-05,.
2012-06-06,0.19210
2012-06-07,0.19210
2012-06-08,0.19260
2012-06-11,0.19260
2012-06-12,0.19260
2012-06-13,0.19360
2012-06-14,0.19560
2012-06-15,0.19560
2012-06-18,0.19560
2012-06-19,0.19660
2012-06-20,0.19660
2012-06-21,0.19610
2012-06-22,0.19610
2012-06-25,0.19610
2012-06-26,0.19610
2012-06-27,0.19500
2012-06-28,0.19510
2012-06-29,0.19610
2012-07-02,0.19610
2012-07-03,0.19810
2012-07-04,0.19960
2012-07-05,0.19960
2012-07-06,0.20060
2012-07-09,0.19960
2012-07-10,0.19960
2012-07-11,0.19960
2012-07-12,0.19960
2012-07-13,0.19960
2012-07-16,0.19960
2012-07-17,0.19960
2012-07-18,0.19960
2012-07-19,0.19960
2012-07-20,0.19910
2012-07-23,0.19910
2012-07-24,0.19710
2012-07-25,0.19700
2012-07-26,0.19900
2012-07-27,0.19900
2012-07-30,0.19500
2012-07-31,0.19650
2012-08-01,0.19550
2012-08-02,0.19500
2012-08-03,0.19350
2012-08-06,0.19300
2012-08-07,0.19000
2012-08-08,0.18750
2012-08-09,0.18550
2012-08-10,0.18550
2012-08-13,0.18550
2012-08-14,0.18650
2012-08-15,0.18650
2012-08-16,0.18650
2012-08-17,0.18650
2012-08-20,0.18600
2012-08-21,0.18600
2012-08-22,0.18500
2012-08-23,0.18600
2012-08-24,0.18500
2012-08-27,.
2012-08-28,0.18600
2012-08-29,0.18500
2012-08-30,0.18400
2012-08-31,0.18400
2012-09-03,0.18300
2012-09-04,0.18200
2012-09-05,0.18300
2012-09-06,0.18700
2012-09-07,0.18700
2012-09-10,0.18650
2012-09-11,0.18650
2012-09-12,0.18550
2012-09-13,0.18475
2012-09-14,0.18425
2012-09-17,0.18425
2012-09-18,0.18375
2012-09-19,0.18375
2012-09-20,0.18275
2012-09-21,0.18175
2012-09-24,0.18175
2012-09-25,0.18150
2012-09-26,0.18125
2012-09-27,0.18125
2012-09-28,0.18100
2012-10-01,0.18100
2012-10-02,0.18300
2012-10-03,0.18100
2012-10-04,0.18150
2012-10-05,0.17900
2012-10-08,0.17900
2012-10-09,0.17800
2012-10-10,0.18000
2012-10-11,0.18100
2012-10-12,0.18100
2012-10-15,0.18200
2012-10-16,0.18000
2012-10-17,0.18000
2012-10-18,0.18100
2012-10-19,0.17800
2012-10-22,0.17800
2012-10-23,0.17700
2012-10-24,0.17770
2012-10-25,0.17670
2012-10-26,0.17670
2012-10-29,0.17970
2012-10-30,0.17970
2012-10-31,0.17870
2012-11-01,0.17670
2012-11-02,0.17770
2012-11-05,0.17870
2012-11-06,0.17820
2012-11-07,0.18020
2012-11-08,0.17820
2012-11-09,0.17920
2012-11-12,0.17970
2012-11-13,0.17820
2012-11-14,0.18020
2012-11-15,0.18020
2012-11-16,0.17720
2012-11-19,0.18020
2012-11-20,0.18020
2012-11-21,0.18020
2012-11-22,0.17920
2012-11-23,0.18120
2012-11-26,0.18320
2012-11-27,0.18620
2012-11-28,0.18620
2012-11-29,0.18720
2012-11-30,0.18520
2012-12-03,0.18520
2012-12-04,0.18520
2012-12-05,0.18520
2012-12-06,0.18620
2012-12-07,0.18620
2012-12-10,0.18720
2012-12-11,0.18420
2012-12-12,0.18320
2012-12-13,0.18320
2012-12-14,0.18320
2012-12-17,0.18520
2012-12-18,0.18520
2012-12-19,0.18620
2012-12-20,0.18820
2012-12-21,0.19020
2012-12-24,0.19220
2012-12-25,.
2012-12-26,.
2012-12-27,0.19970
2012-12-28,0.19420
2012-12-31,0.19270
2013-01-01,.
2013-01-02,0.19120
2013-01-03,0.18570
2013-01-04,0.18470
2013-01-07,0.18470
2013-01-08,0.18320
2013-01-09,0.18320
2013-01-10,0.18170
2013-01-11,0.17970
2013-01-14,0.17970
2013-01-15,0.18070
2013-01-16,0.18070
2013-01-17,0.17670
2013-01-18,0.17670
2013-01-21,0.17770
2013-01-22,0.17670
2013-01-23,0.17570
2013-01-24,0.17420
2013-01-25,0.17670
2013-01-28,0.17770
2013-01-29,0.17570
2013-01-30,0.17370
2013-01-31,0.17170
2013-02-01,0.17270
2013-02-04,0.17270
2013-02-05,0.17270
2013-02-06,0.17220
2013-02-07,0.17270
2013-02-08,0.17320
2013-02-11,0.17270
2013-02-12,0.17170
2013-02-13,0.17170
2013-02-14,0.17370
2013-02-15,0.17570
2013-02-18,0.17470
2013-02-19,0.17470
2013-02-20,0.17370
2013-02-21,0.17270
2013-02-22,0.17320
2013-02-25,0.17470
2013-02-26,0.17320
2013-02-27,0.17270
2013-02-28,0.17170
2013-03-01,0.17070
2013-03-04,0.17170
2013-03-05,0.17070
2013-03-06,0.17070
2013-03-07,0.17170
2013-03-08,0.17170
2013-03-11,0.17270
2013-03-12,0.17270
2013-03-13,0.17270
2013-03-14,0.17170
2013-03-15,0.17170
2013-03-18,0.17270
2013-03-19,0.17470
2013-03-20,0.17370
2013-03-21,0.17520
2013-03-22,0.17520
2013-03-25,0.17520
2013-03-26,0.17620
2013-03-27,0.17520
2013-03-28,0.17520
2013-03-29,.
2013-04-01,.
2013-04-02,0.17520
2013-04-03,0.17120
2013-04-04,0.17120
2013-04-05,0.17120
2013-04-08,0.17170
2013-04-09,0.17270
2013-04-10,0.17270
2013-04-11,0.17420
2013-04-12,0.17520
2013-04-15,0.17520
2013-04-16,0.17420
2013-04-17,0.17470
2013-04-18,0.17470
2013-04-19,0.17370
2013-04-22,0.17170
2013-04-23,0.17170
2013-04-24,0.16970
2013-04-25,0.16920
2013-04-26,0.16920
2013-04-29,0.16820
2013-04-30,0.16670
2013-05-01,0.16670
2013-05-02,0.16770
2013-05-03,0.16720
2013-05-06,.
2013-05-07,0.16720
2013-05-08,0.16770
2013-05-09,0.16720
2013-05-10,0.16470
2013-05-13,0.16520
2013-05-14,0.16520
2013-05-15,0.16520
2013-05-16,0.16520
2013-05-17,0.16371
2013-05-20,0.16391
2013-05-21,0.16371
2013-05-22,0.16271
2013-05-23,0.16071
2013-05-24,0.15921
2013-05-27,.
2013-05-28,0.15921
2013-05-29,0.15971
2013-05-30,0.15951
2013-05-31,0.15901
2013-06-03,0.15851
2013-06-04,0.15851
2013-06-05,0.15851
2013-06-06,0.15851
2013-06-07,0.15851
2013-06-10,0.15851
2013-06-11,0.15851
2013-06-12,0.15951
2013-06-13,0.15901
2013-06-14,0.15901
2013-06-17,0.15901
2013-06-18,0.15981
2013-06-19,0.15981
2013-06-20,0.15901
2013-06-21,0.16001
2013-06-24,0.16251
2013-06-25,0.16071
2013-06-26,0.16371
2013-06-27,0.16051
2013-06-28,0.16073
2013-07-01,0.16073
2013-07-02,0.15923
2013-07-03,0.15923
2013-07-04,0.15953
2013-07-05,0.16003
2013-07-08,0.15873
2013-07-09,0.15823
2013-07-10,0.15773
2013-07-11,0.15883
2013-07-12,0.15823
2013-07-15,0.15773
2013-07-16,0.15673
2013-07-17,0.15673
2013-07-18,0.15673
2013-07-19,0.15423
2013-07-22,0.15373
2013-07-23,0.15373
2013-07-24,0.15423
2013-07-25,0.15152
2013-07-26,0.15150
2013-07-29,0.15217
2013-07-30,0.15083
2013-07-31,0.15033
2013-08-01,0.15033
2013-08-02,0.15033
2013-08-05,0.15033
2013-08-06,0.15033
2013-08-07,0.14983
2013-08-08,0.15100
2013-08-09,0.15033
2013-08-12,0.14983
2013-08-13,0.14983
2013-08-14,0.14983
2013-08-15,0.14883
2013-08-16,0.14883
2013-08-19,0.14833
2013-08-20,0.14883
2013-08-21,0.14883
2013-08-22,0.14833
2013-08-23,0.14833
2013-08-26,.
2013-08-27,0.14833
2013-08-28,0.14833
2013-08-29,0.14883
2013-08-30,0.14783
2013-09-02,0.14783
2013-09-03,0.14783
2013-09-04,0.14783
2013-09-05,0.14797
2013-09-06,0.14747
2013-09-09,0.14837
2013-09-10,0.14747
2013-09-11,0.14547
2013-09-12,0.14607
2013-09-13,0.14297
2013-09-16,0.14185
2013-09-17,0.14000
2013-09-18,0.14000
2013-09-19,0.13950
2013-09-20,0.14015
2013-09-23,0.14000
2013-09-24,0.13950
2013-09-25,0.13950
2013-09-26,0.13950
2013-09-27,0.13940
2013-09-30,0.13920
2013-10-01,0.13800
2013-10-02,0.13660
2013-10-03,0.13555
2013-10-04,0.13525
2013-10-07,0.13710
2013-10-08,0.13765
2013-10-09,0.13930
2013-10-10,0.13880
2013-10-11,0.13950
2013-10-14,0.14190
2013-10-15,0.13940
2013-10-16,0.13925
2013-10-17,0.13580
2013-10-18,0.13575
2013-10-21,0.13740
2013-10-22,0.13785
2013-10-23,0.13890
2013-10-24,0.13300
2013-10-25,0.13350
2013-10-28,0.13580
2013-10-29,0.13480
2013-10-30,0.13235
2013-10-31,0.13025
2013-11-01,0.13040
2013-11-04,0.13255
2013-11-05,0.13280
2013-11-06,0.12725
2013-11-07,0.12715
2013-11-08,0.12715
2013-11-11,0.13130
2013-11-12,0.12650
2013-11-13,0.12750
2013-11-14,0.12750
2013-11-15,0.12925
2013-11-18,0.13025
2013-11-19,0.12900
2013-11-20,0.12900
2013-11-21,0.12875
2013-11-22,0.12875
2013-11-25,0.12825
2013-11-26,0.13015
2013-11-27,0.13195
2013-11-28,0.12965
2013-11-29,0.12790
2013-12-02,0.12650
2013-12-03,0.12700
2013-12-04,0.12735
2013-12-05,0.12790
2013-12-06,0.12760
2013-12-09,0.12650
2013-12-10,0.12720
2013-12-11,0.12895
2013-12-12,0.12615
2013-12-13,0.12625
2013-12-16,0.12425
2013-12-17,0.12450
2013-12-18,0.12740
2013-12-19,0.12675
2013-12-20,0.12675
2013-12-23,0.12900
2013-12-24,0.13055
2013-12-25,.
2013-12-26,.
2013-12-27,0.12810
2013-12-30,0.12805
2013-12-31,0.12930
2014-01-01,.
2014-01-02,0.12930
2014-01-03,0.12445
2014-01-06,0.12250
2014-01-07,0.12620
2014-01-08,0.12205
2014-01-09,0.12395
2014-01-10,0.12150
2014-01-13,0.12575
2014-01-14,0.12490
2014-01-15,0.11925
2014-01-16,0.11825
2014-01-17,0.11995
2014-01-20,0.11800
2014-01-21,0.12000
2014-01-22,0.11800
2014-01-23,0.12105
2014-01-24,0.11775
2014-01-27,0.11800
2014-01-28,0.12200
2014-01-29,0.12495
2014-01-30,0.12390
2014-01-31,0.12215
2014-02-03,0.12075
2014-02-04,0.11985
2014-02-05,0.11975
2014-02-06,0.11925
2014-02-07,0.12175
2014-02-10,0.11950
2014-02-11,0.11875
2014-02-12,0.11900
2014-02-13,0.11925
2014-02-14,0.11800
2014-02-17,0.11650
2014-02-18,0.11800
2014-02-19,0.11800
2014-02-20,0.12000
2014-02-21,0.11725
2014-02-24,0.12090
2014-02-25,0.12170
2014-02-26,0.11950
2014-02-27,0.12015
2014-02-28,0.12000
2014-03-03,0.11815
2014-03-04,0.12135
2014-03-05,0.12115
2014-03-06,0.11805
2014-03-07,0.12000
2014-03-10,0.12040
2014-03-11,0.12400
2014-03-12,0.12075
2014-03-13,0.12340
2014-03-14,0.12125
2014-03-17,0.11975
2014-03-18,0.12130
2014-03-19,0.12300
2014-03-20,0.12000
2014-03-21,0.11975
2014-03-24,0.11950
2014-03-25,0.11875
2014-03-26,0.12275
2014-03-27,0.12275
2014-03-28,0.12010
2014-03-31,0.11950
2014-04-01,0.11885
2014-04-02,0.12100
2014-04-03,0.12060
2014-04-04,0.12135
2014-04-07,0.11820
2014-04-08,0.11850
2014-04-09,0.11925
2014-04-10,0.12045
2014-04-11,0.11875
2014-04-14,0.12040
2014-04-15,0.12065
2014-04-16,0.12150
2014-04-17,0.11875
2014-04-18,.
2014-04-21,.
2014-04-22,0.11925
2014-04-23,0.12130
2014-04-24,0.11925
2014-04-25,0.11975
2014-04-28,0.12200
2014-04-29,0.12075
2014-04-30,0.12175
2014-05-01,0.12250
2014-05-02,0.11950
2014-05-05,.
2014-05-06,0.12250
2014-05-07,0.11905
2014-05-08,0.12175
2014-05-09,0.11875
2014-05-12,0.12050
2014-05-13,0.12075
2014-05-14,0.11875
2014-05-15,0.12100
2014-05-16,0.11900
2014-05-19,0.11780
2014-05-20,0.11635
2014-05-21,0.11830
2014-05-22,0.12050
2014-05-23,0.12030
2014-05-26,.
2014-05-27,0.11925
2014-05-28,0.12020
2014-05-29,0.12100
2014-05-30,0.11900
2014-06-02,0.12090
2014-06-03,0.11900
2014-06-04,0.12200
2014-06-05,0.12000
2014-06-06,0.12200
2014-06-09,0.12300
2014-06-10,0.12300
2014-06-11,0.12255
2014-06-12,0.12025
2014-06-13,0.12350
2014-06-16,0.12350
2014-06-17,0.12375
2014-06-18,0.12300
2014-06-19,0.12300
2014-06-20,0.12300
2014-06-23,0.12300
2014-06-24,0.12350
2014-06-25,0.12325
2014-06-26,0.12250
2014-06-27,0.12300
2014-06-30,0.12300
2014-07-01,0.12300
2014-07-02,0.12300
2014-07-03,0.12300
2014-07-04,0.12300
2014-07-07,0.12300
2014-07-08,0.12225
2014-07-09,0.12250
2014-07-10,0.12225
2014-07-11,0.12275
2014-07-14,0.12250
2014-07-15,0.12275
2014-07-16,0.12275
2014-07-17,0.12275
2014-07-18,0.12200
2014-07-21,0.12300
2014-07-22,0.12300
2014-07-23,0.12300
2014-07-24,0.12325
2014-07-25,0.12200
2014-07-28,0.12175
2014-07-29,0.12225
2014-07-30,0.12325
2014-07-31,0.12325
2014-08-01,0.12200
2014-08-04,0.12050
2014-08-05,0.12200
2014-08-06,0.12000
2014-08-07,0.12150
2014-08-08,0.12050
2014-08-11,0.12025
2014-08-12,0.12125
2014-08-13,0.12050
2014-08-14,0.12150
2014-08-15,0.12175
2014-08-18,0.12175
2014-08-19,0.12225
2014-08-20,0.12125
2014-08-21,0.12250
2014-08-22,0.12100
2014-08-25,.
2014-08-26,0.12300
2014-08-27,0.12350
2014-08-28,0.12425
2014-08-29,0.12325
2014-09-01,0.12445
2014-09-02,0.12225
2014-09-03,0.12125
2014-09-04,0.12125
2014-09-05,0.11825
2014-09-08,0.11985
2014-09-09,0.11955
2014-09-10,0.12125
2014-09-11,0.12150
2014-09-12,0.11925
2014-09-15,0.11930
2014-09-16,0.12175
2014-09-17,0.12200
2014-09-18,0.12175
2014-09-19,0.11975
2014-09-22,0.12150
2014-09-23,0.12200
2014-09-24,0.12200
2014-09-25,0.12175
2014-09-26,0.11750
2014-09-29,0.12250
2014-09-30,0.11850
2014-10-01,0.11775
2014-10-02,0.11950
2014-10-03,0.11845
2014-10-06,0.12050
2014-10-07,0.11875
2014-10-08,0.11730
2014-10-09,0.12000
2014-10-10,0.11860
2014-10-13,0.11955
2014-10-14,0.11930
2014-10-15,0.12000
2014-10-16,0.12025
2014-10-17,0.12050
2014-10-20,0.12040
2014-10-21,0.11875
2014-10-22,0.11875
2014-10-23,0.11870
2014-10-24,0.12050
2014-10-27,0.12050
2014-10-28,0.11775
2014-10-29,0.12070
2014-10-30,0.12200
2014-10-31,0.12075
2014-11-03,0.11975
2014-11-04,0.11850
2014-11-05,0.12070
2014-11-06,0.12225
2014-11-07,0.12200
2014-11-10,0.11985
2014-11-11,0.12175
2014-11-12,0.12200
2014-11-13,0.12150
2014-11-14,0.12025
2014-11-17,0.12000
2014-11-18,0.12180
2014-11-19,0.12175
2014-11-20,0.12400
2014-11-21,0.12575
2014-11-24,0.12390
2014-11-25,0.12525
2014-11-26,0.12480
2014-11-27,0.12460
2014-11-28,0.12410
2014-12-01,0.12620
2014-12-02,0.13075
2014-12-03,0.13300
2014-12-04,0.13410
2014-12-05,0.13400
2014-12-08,0.13660
2014-12-09,0.13600
2014-12-10,0.13500
2014-12-11,0.13450
2014-12-12,0.13350
2014-12-15,0.13190
2014-12-16,0.13100
2014-12-17,0.13050
2014-12-18,0.13080
2014-12-19,0.13200
2014-12-22,0.13400
2014-12-23,0.13425
2014-12-24,0.13300
2014-12-25,.
2014-12-26,.
2014-12-29,0.13260
2014-12-30,0.13600
2014-12-31,0.13500
2015-01-01,.
2015-01-02,0.13480
2015-01-05,0.13475
2015-01-06,0.13350
2015-01-07,0.13420
2015-01-08,0.13410
2015-01-09,0.13490
2015-01-12,0.13190
2015-01-13,0.13300
2015-01-14,0.13450
2015-01-15,0.13510
2015-01-16,0.13500
2015-01-19,0.13550
2015-01-20,0.13550
2015-01-21,0.13610
2015-01-22,0.13470
2015-01-23,0.13440
2015-01-26,0.13690
2015-01-27,0.13710
2015-01-28,0.13670
2015-01-29,0.13680
2015-01-30,0.13510
2015-02-02,0.13600
2015-02-03,0.13600
2015-02-04,0.13700
2015-02-05,0.13600
2015-02-06,0.13650
2015-02-09,0.13400
2015-02-10,0.13620
2015-02-11,0.13750
2015-02-12,0.13800
2015-02-13,0.13800
2015-02-16,0.13750
2015-02-17,0.13790
2015-02-18,0.14000
2015-02-19,0.14140
2015-02-20,0.13950
2015-02-23,0.14060
2015-02-24,0.13875
2015-02-25,0.13800
2015-02-26,0.13900
2015-02-27,0.13500
2015-03-02,0.13650
2015-03-03,0.13850
2015-03-04,0.13850
2015-03-05,0.13900
2015-03-06,0.13890
2015-03-09,0.13870
2015-03-10,0.13850
2015-03-11,0.13850
2015-03-12,0.13900
2015-03-13,0.14000
2015-03-16,0.14000
2015-03-17,0.14100
2015-03-18,0.14150
2015-03-19,0.14350
2015-03-20,0.14200
2015-03-23,0.14200
2015-03-24,0.14025
2015-03-25,0.13975
2015-03-26,0.14150
2015-03-27,0.14250
2015-03-30,0.14425
2015-03-31,0.14070
2015-04-01,0.14440
2015-04-02,0.14380
2015-04-03,.
2015-04-06,.
2015-04-07,0.14200
2015-04-08,0.14130
2015-04-09,0.14575
2015-04-10,0.14625
2015-04-13,0.14700
2015-04-14,0.14675
2015-04-15,0.14375
2015-04-16,0.14700
2015-04-17,0.14750
2015-04-20,0.14775
2015-04-21,0.14925
2015-04-22,0.14645
2015-04-23,0.14600
2015-04-24,0.14400
2015-04-27,0.14525
2015-04-28,0.14950
2015-04-29,0.14760
2015-04-30,0.14975
2015-05-01,0.14750
2015-05-04,.
2015-05-05,0.14900
2015-05-06,0.14530
2015-05-07,0.14850
2015-05-08,0.14850
2015-05-11,0.14825
2015-05-12,0.14875
2015-05-13,0.14575
2015-05-14,0.14675
2015-05-15,0.14900
2015-05-18,0.14850
2015-05-19,0.14850
2015-05-20,0.14650
2015-05-21,0.14850
2015-05-22,0.14775
2015-05-25,.
2015-05-26,0.14800
2015-05-27,0.14575
2015-05-28,0.15000
2015-05-29,0.15025
2015-06-01,0.14700
2015-06-02,0.14730
2015-06-03,0.14450
2015-06-04,0.14725
2015-06-05,0.14750
2015-06-08,0.14750
2015-06-09,0.14700
2015-06-10,0.14400
2015-06-11,0.14750
2015-06-12,0.14750
2015-06-15,0.14770
2015-06-16,0.14750
2015-06-17,0.14400
2015-06-18,0.14720
2015-06-19,0.14700
2015-06-22,0.14800
2015-06-23,0.14800
2015-06-24,0.14600
2015-06-25,0.14600
2015-06-26,0.14600
2015-06-29,0.14750
2015-06-30,0.14800
2015-07-01,0.14900
2015-07-02,0.14800
2015-07-03,0.14800
2015-07-06,0.14700
2015-07-07,0.14950
2015-07-08,0.14900
2015-07-09,0.14800
2015-07-10,0.14810
2015-07-13,0.14900
2015-07-14,0.14850
2015-07-15,0.15000
2015-07-16,0.15000
2015-07-17,0.14810
2015-07-20,0.15000
2015-07-21,0.14900
2015-07-22,0.14700
2015-07-23,0.14900
2015-07-24,0.15000
2015-07-27,0.15100
2015-07-28,0.15050
2015-07-29,0.14690
2015-07-30,0.14950
2015-07-31,0.14910
2015-08-03,0.15000
2015-08-04,0.15020
2015-08-05,0.14900
2015-08-06,0.15050
2015-08-07,0.14970
2015-08-10,0.14910
2015-08-11,0.15060
2015-08-12,0.15075
2015-08-13,0.15180
2015-08-14,0.15300
2015-08-17,0.15350
2015-08-18,0.15350
2015-08-19,0.15500
2015-08-20,0.15410
2015-08-21,0.15275
2015-08-24,0.15300
2015-08-25,0.15250
2015-08-26,0.15250
2015-08-27,0.15360
2015-08-28,0.15420
2015-08-31,.
2015-09-01,0.15400
2015-09-02,0.15550
2015-09-03,0.15450
2015-09-04,0.15350
2015-09-07,0.15430
2015-09-08,0.15400
2015-09-09,0.15510
2015-09-10,0.15700
2015-09-11,0.15930
2015-09-14,0.16100
2015-09-15,0.16210
2015-09-16,0.16460
2015-09-17,0.16600
2015-09-18,0.15550
2015-09-21,0.15525
2015-09-22,0.15690
2015-09-23,0.15530
2015-09-24,0.15545
2015-09-25,0.15420
2015-09-28,0.15710
2015-09-29,0.15375
2015-09-30,0.15115
2015-10-01,0.15365
2015-10-02,0.15595
2015-10-05,0.15700
2015-10-06,0.15645
2015-10-07,0.15600
2015-10-08,0.15530
2015-10-09,0.15645
2015-10-12,0.15530
2015-10-13,0.15595
2015-10-14,0.15380
2015-10-15,0.15450
2015-10-16,0.15550
2015-10-19,0.15580
2015-10-20,0.15625
2015-10-21,0.15605
2015-10-22,0.15625
2015-10-23,0.15450
2015-10-26,0.15290
2015-10-27,0.15280
2015-10-28,0.15310
2015-10-29,0.15750
2015-10-30,0.15590
2015-11-02,0.15365
2015-11-03,0.15410
2015-11-04,0.15490
2015-11-05,0.15605
2015-11-06,0.15495
2015-11-09,0.15560
2015-11-10,0.15620
2015-11-11,0.15495
2015-11-12,0.15625
2015-11-13,0.15590
2015-11-16,0.15630
2015-11-17,0.15675
2015-11-18,0.15610
2015-11-19,0.15845
2015-11-20,0.15640
2015-11-23,0.15690
2015-11-24,0.15630
2015-11-25,0.15705
2015-11-26,0.15675
2015-11-27,0.15520
2015-11-30,0.15560
2015-12-01,0.15520
2015-12-02,0.15785
2015-12-03,0.15885
2015-12-04,0.15845
2015-12-07,0.16395
2015-12-08,0.16210
2015-12-09,0.17550
2015-12-10,0.22220
2015-12-11,0.26390
2015-12-14,0.29880
2015-12-15,0.33180
2015-12-16,0.34100
2015-12-17,0.37300
2015-12-18,0.38635
2015-12-21,0.39040
2015-12-22,0.39000
2015-12-23,0.39060
2015-12-24,0.38970
2015-12-25,.
2015-12-28,.
2015-12-29,0.38500
2015-12-30,0.39200
2015-12-31,0.38975
2016-01-01,.
2016-01-04,0.38750
2016-01-05,0.38625
2016-01-06,0.38715
2016-01-07,0.38470
2016-01-08,0.38485
2016-01-11,0.38595
2016-01-12,0.38640
2016-01-13,0.38590
2016-01-14,0.38510
2016-01-15,0.38750
2016-01-18,0.38530
2016-01-19,0.38750
2016-01-20,0.38660
2016-01-21,0.38640
2016-01-22,0.38930
2016-01-25,0.38765
2016-01-26,0.38975
2016-01-27,0.39135
2016-01-28,0.39550
2016-01-29,0.39385
2016-02-01,0.38940
2016-02-02,0.39250
2016-02-03,0.38740
2016-02-04,0.38760
2016-02-05,0.38660
2016-02-08,0.39050
2016-02-09,0.39720
2016-02-10,0.39390
2016-02-11,0.39520
2016-02-12,0.39120
2016-02-15,0.39340
2016-02-16,0.39050
2016-02-17,0.39160
2016-02-18,0.39200
2016-02-19,0.39305
2016-02-22,0.39230
2016-02-23,0.39070
2016-02-24,0.39510
2016-02-25,0.39405
2016-02-26,0.39745
2016-02-29,0.39730
2016-03-01,0.39275
2016-03-02,0.39640
2016-03-03,0.39890
2016-03-04,0.39790
2016-03-07,0.39910
2016-03-08,0.39740
2016-03-09,0.39485
2016-03-10,0.39710
2016-03-11,0.39820
2016-03-14,0.40180
2016-03-15,0.40200
2016-03-16,0.39940
2016-03-17,0.39765
2016-03-18,0.39870
2016-03-21,0.40170
2016-03-22,0.39725
2016-03-23,0.39405
2016-03-24,0.39355
2016-03-25,.
2016-03-28,.
2016-03-29,0.39250
2016-03-30,0.39685
2016-03-31,0.39610
2016-04-01,0.39610
2016-04-04,0.39600
2016-04-05,0.39580
2016-04-06,0.39350
2016-04-07,0.39625
2016-04-08,0.39500
2016-04-11,0.39525
2016-04-12,0.39700
2016-04-13,0.39725
2016-04-14,0.39750
2016-04-15,0.40150
2016-04-18,0.40110
2016-04-19,0.40210
2016-04-20,0.39900
2016-04-21,0.39900
2016-04-22,0.39900
2016-04-25,0.39940
2016-04-26,0.40030
2016-04-27,0.40100
2016-04-28,0.40400
2016-04-29,0.40550
2016-05-02,.
2016-05-03,0.40500
2016-05-04,0.40320
2016-05-05,0.40680
2016-05-06,.
2016-05-09,0.40415
2016-05-10,0.40415
2016-05-11,0.40340
2016-05-12,0.40490
2016-05-13,0.40580
2016-05-16,0.40450
2016-05-17,0.40550
2016-05-18,0.40350
2016-05-19,0.40700
2016-05-20,0.40610
2016-05-23,0.40460
2016-05-24,0.40590
2016-05-25,0.40550
2016-05-26,0.40610
2016-05-27,0.40700
2016-05-30,.
2016-05-31,0.40820
2016-06-01,0.40830
2016-06-02,0.40800
2016-06-03,0.40915
2016-06-06,0.40775
2016-06-07,0.40800
2016-06-08,0.40800
2016-06-09,0.41075
2016-06-10,0.41185
2016-06-13,0.41075
2016-06-14,0.41040
2016-06-15,0.40995
2016-06-16,0.40750
2016-06-17,0.41020
2016-06-20,0.41210
2016-06-21,0.41545
2016-06-22,0.41165
2016-06-23,0.41620
2016-06-24,0.42095
2016-06-27,0.43195
2016-06-28,0.43645
2016-06-29,0.44040
2016-06-30,0.44020
2016-07-01,0.43645
2016-07-04,0.43620
2016-07-05,0.43545
2016-07-06,0.43830
2016-07-07,0.43780
2016-07-08,0.43580
2016-07-11,0.43680
2016-07-12,0.43680
2016-07-13,0.43580
2016-07-14,0.43655
2016-07-15,0.43780
2016-07-18,0.43850
2016-07-19,0.43900
2016-07-20,0.43860
2016-07-21,0.43710
2016-07-22,0.43660
2016-07-25,0.43910
2016-07-26,0.43910
2016-07-27,0.43860
2016-07-28,0.44610
2016-07-29,0.44560
2016-08-01,0.44610
2016-08-02,0.44410
2016-08-03,0.44410
2016-08-04,0.44310
2016-08-05,0.44235
2016-08-08,0.44310
2016-08-09,0.44245
2016-08-10,0.44370
2016-08-11,0.44345
2016-08-12,0.44270
2016-08-15,0.44078
2016-08-16,0.44133
2016-08-17,0.44078
2016-08-18,0.44106
2016-08-19,0.44272
2016-08-22,0.44467
2016-08-23,0.44356
2016-08-24,0.44300
2016-08-25,0.44217
2016-08-26,0.44244
2016-08-29,.
2016-08-30,0.44383
2016-08-31,0.44356
2016-09-01,0.44300
2016-09-02,0.44300
2016-09-05,0.44328
2016-09-06,0.44300
2016-09-07,0.44383
2016-09-08,0.44522
2016-09-09,0.44506
2016-09-12,0.44533
2016-09-13,0.44589
2016-09-14,0.44922
2016-09-15,0.45367
2016-09-16,0.45228
2016-09-19,0.45478
2016-09-20,0.45756
2016-09-21,0.45783
2016-09-22,0.45589
2016-09-23,0.45339
2016-09-26,0.45228
2016-09-27,0.45256
2016-09-28,0.44788
2016-09-29,0.44867
2016-09-30,0.45672
2016-10-03,0.46256
2016-10-04,0.45756
2016-10-05,0.45589
2016-10-06,0.45644
2016-10-07,0.45533
2016-10-10,0.45533
2016-10-11,0.45644
2016-10-12,0.45867
2016-10-13,0.45867
2016-10-14,0.45922
2016-10-17,0.46033
2016-10-18,0.45811
2016-10-19,0.45756
2016-10-20,0.45756
2016-10-21,0.45644
2016-10-24,0.45589
2016-10-25,0.45478
2016-10-26,0.45589
2016-10-27,0.45700
2016-10-28,0.45978
2016-10-31,0.45978
2016-11-01,0.45867
2016-11-02,0.46033
2016-11-03,0.45950
2016-11-04,0.45839
2016-11-07,0.45894
2016-11-08,0.45978
2016-11-09,0.45728
2016-11-10,0.45978
2016-11-11,0.45922
2016-11-14,0.45922
2016-11-15,0.45894
2016-11-16,0.45700
2016-11-17,0.45922
2016-11-18,0.45978
2016-11-21,0.45978
2016-11-22,0.45811
2016-11-23,0.45589
2016-11-24,0.45822
2016-11-25,0.45822
2016-11-28,0.45878
2016-11-29,0.46044
2016-11-30,0.45822
2016-12-01,0.45822
2016-12-02,0.46100
2016-12-05,0.46156
2016-12-06,0.47044
2016-12-07,0.49378
2016-12-08,0.56628
2016-12-09,0.60822
2016-12-12,0.64544
2016-12-13,0.67317
2016-12-14,0.68406
2016-12-15,0.70389
2016-12-16,0.70444
2016-12-19,0.70306
2016-12-20,0.70500
2016-12-21,0.70778
2016-12-22,0.71144
2016-12-23,0.71144
2016-12-26,.
2016-12-27,.
2016-12-28,0.71533
2016-12-29,0.72333
2016-12-30,0.72333
2017-01-02,.
2017-01-03,0.72333
2017-01-04,0.71833
2017-01-05,0.71867
2017-01-06,0.71811
2017-01-09,0.71844
2017-01-10,0.71956
2017-01-11,0.71733
2017-01-12,0.71733
2017-01-13,0.72078
2017-01-16,0.71944
2017-01-17,0.72033
2017-01-18,0.72428
2017-01-19,0.72400
2017-01-20,0.72344
2017-01-23,0.72206
2017-01-24,0.72289
2017-01-25,0.72344
2017-01-26,0.72178
2017-01-27,0.72011
2017-01-30,0.72206
2017-01-31,0.72150
2017-02-01,0.72150
2017-02-02,0.72056
2017-02-03,0.72167
2017-02-06,0.72222
2017-02-07,0.72111
2017-02-08,0.71972
2017-02-09,0.71611
2017-02-10,0.71417
2017-02-13,0.71528
2017-02-14,0.71500
2017-02-15,0.71778
2017-02-16,0.71889
2017-02-17,0.71444
2017-02-20,0.71444
2017-02-21,0.71444
2017-02-22,0.71389
2017-02-23,0.71222
2017-02-24,0.71111
2017-02-27,0.71167
2017-02-28,0.71111
2017-03-01,0.71111
2017-03-02,0.71167
2017-03-03,0.71000
2017-03-06,0.71000
2017-03-07,0.71389
2017-03-08,0.73500
2017-03-09,0.81567
2017-03-10,0.84611
2017-03-13,0.87889
2017-03-14,0.90889
2017-03-15,0.92278
2017-03-16,0.94567
2017-03-17,0.94611
2017-03-20,0.94667
2017-03-21,0.94611
2017-03-22,0.94500
2017-03-23,0.94389
2017-03-24,0.94389
2017-03-27,0.94389
2017-03-28,0.94389
2017-03-29,0.94778
2017-03-30,0.95667
2017-03-31,0.95111
2017-04-03,0.95222
2017-04-04,0.94889
2017-04-05,0.94778
2017-04-06,0.94722
2017-04-07,0.94722
2017-04-10,.
2017-04-11,0.94722
2017-04-12,0.94722
2017-04-13,0.94556
2017-04-14,.
2017-04-17,.
2017-04-18,0.94722
2017-04-19,0.94611
2017-04-20,0.94389
2017-04-21,0.94500
2017-04-24,0.94500
2017-04-25,0.94500
2017-04-26,0.94611
2017-04-27,0.94667
2017-04-28,0.95000
2017-05-01,.
2017-05-02,0.94778
2017-05-03,0.94833
2017-05-04,0.94750
2017-05-05,0.94722
2017-05-08,0.94667
2017-05-09,0.94667
2017-05-10,0.94722
2017-05-11,0.94556
2017-05-12,0.94667
2017-05-15,0.94778
2017-05-16,0.94667
2017-05-17,0.94667
2017-05-18,0.94722
2017-05-19,0.94750
2017-05-22,0.94833
2017-05-23,0.94944
2017-05-24,0.94967
2017-05-25,0.94967
2017-05-26,0.94922
2017-05-29,.
2017-05-30,0.95061
2017-05-31,0.95156
2017-06-01,0.95156
2017-06-02,0.95156
2017-06-05,0.95100
2017-06-06,0.95322
2017-06-07,0.97500
2017-06-08,1.03544
2017-06-09,1.07600
2017-06-12,1.11211
2017-06-13,1.15111
2017-06-14,1.16189
2017-06-15,1.18833
2017-06-16,1.19000
2017-06-19,1.19278
2017-06-20,1.19389
2017-06-21,1.19222
2017-06-22,1.19500
2017-06-23,1.18611
2017-06-26,1.18778
2017-06-27,1.18889
2017-06-28,1.18889
2017-06-29,1.19056
2017-06-30,1.19000
2017-07-03,1.18833
2017-07-04,1.19056
2017-07-05,1.19111
2017-07-06,1.19111
2017-07-07,1.19000
2017-07-10,1.18889
2017-07-11,1.18889
2017-07-12,1.18889
2017-07-13,1.18889
2017-07-14,1.18889
2017-07-17,1.19111
2017-07-18,1.18944
2017-07-19,1.19000
2017-07-20,1.19056
2017-07-21,1.19222
2017-07-24,1.19444
2017-07-25,1.19389
2017-07-26,1.19389
2017-07-27,1.19444
2017-07-28,1.19667
2017-07-31,1.19667
2017-08-01,1.19611
2017-08-02,1.19778
2017-08-03,1.19611
2017-08-04,1.19944
2017-08-07,1.19722
2017-08-08,1.19611
2017-08-09,1.19667
2017-08-10,1.19667
2017-08-11,1.19889
2017-08-14,1.19722
2017-08-15,1.19722
2017-08-16,1.19722
2017-08-17,1.19778
2017-08-18,1.19944
2017-08-21,1.19778
2017-08-22,1.19722
2017-08-23,1.19444
2017-08-24,1.19667
2017-08-25,1.19667
2017-08-28,.
2017-08-29,1.20167
2017-08-30,1.20167
2017-08-31,1.20167
2017-09-01,1.20056
2017-09-04,1.19722
2017-09-05,1.19667
2017-09-06,1.19500
2017-09-07,1.19500
2017-09-08,1.19500
2017-09-11,1.19667
2017-09-12,1.19667
2017-09-13,1.19556
2017-09-14,1.19667
2017-09-15,1.19611
2017-09-18,1.19556
2017-09-19,1.19667
2017-09-20,1.19556
2017-09-21,1.19444
2017-09-22,1.19444
2017-09-25,1.19444
2017-09-26,1.19556
2017-09-27,1.19722
2017-09-28,1.20167
2017-09-29,1.20500
2017-10-02,1.20333
2017-10-03,1.20333
2017-10-04,1.20167
2017-10-05,1.20222
2017-10-06,1.20222
2017-10-09,1.20333
2017-10-10,1.20500
2017-10-11,1.20389
2017-10-12,1.20500
2017-10-13,1.20444
2017-10-16,1.20594
2017-10-17,1.20667
2017-10-18,1.20494
2017-10-19,1.20557
2017-10-20,1.20444
2017-10-23,1.20172
2017-10-24,1.20239
2017-10-25,1.20247
2017-10-26,1.20517
2017-10-27,1.20326
2017-10-30,1.20467
2017-10-31,1.20767
2017-11-01,1.20656
2017-11-02,1.20467
2017-11-03,1.20444
2017-11-06,1.20500
2017-11-07,1.20550
2017-11-08,1.20500
2017-11-09,1.20272
2017-11-10,1.20422
2017-11-13,1.20350
2017-11-14,1.20406
2017-11-15,1.20356
2017-11-16,1.20372
2017-11-17,1.20267
2017-11-20,1.20367
2017-11-21,1.20212
2017-11-22,1.19969
2017-11-23,1.20080
2017-11-24,1.20341
2017-11-27,1.20106
2017-11-28,1.20219
2017-11-29,1.20500
2017-11-30,1.20688
2017-12-01,1.21014
2017-12-04,1.21313
2017-12-05,1.21444
2017-12-06,1.22813
2017-12-07,1.29936
2017-12-08,1.34168
2017-12-11,1.38151
2017-12-12,1.42375
2017-12-13,1.43475
2017-12-14,1.44918
2017-12-15,1.45386
2017-12-18,1.45533
2017-12-19,1.45658
2017-12-20,1.45806
2017-12-21,1.47538
2017-12-22,1.48600
2017-12-25,.
2017-12-26,.
2017-12-27,1.48913
2017-12-28,1.48413
2017-12-29,1.48038
2018-01-01,.
2018-01-02,1.48038
2018-01-03,1.47188
2018-01-04,1.46971
2018-01-05,1.46970
2018-01-08,1.46832
2018-01-09,1.46438
2018-01-10,1.46470
2018-01-11,1.46438
2018-01-12,1.46581
2018-01-15,1.46596
2018-01-16,1.46606
2018-01-17,1.46534
2018-01-18,1.46533
2018-01-19,1.46596
2018-01-22,1.46586
2018-01-23,1.46563
2018-01-24,1.46500
2018-01-25,1.46813
2018-01-26,1.46750
2018-01-29,1.46750
2018-01-30,1.46875
2018-01-31,1.47011
2018-02-01,1.46963
2018-02-02,1.46869
2018-02-05,1.46871
2018-02-06,1.46875
2018-02-07,1.46875
2018-02-08,1.46861
2018-02-09,1.46938
2018-02-12,1.46938
2018-02-13,1.47063
2018-02-14,1.47188
2018-02-15,1.47063
2018-02-16,1.47125
2018-02-19,1.47313
2018-02-20,1.47250
2018-02-21,1.47125
2018-02-22,1.47125
2018-02-23,1.47250
2018-02-26,1.47375
2018-02-27,1.47500
2018-02-28,1.47875
2018-03-01,1.47750
2018-03-02,1.47781
2018-03-05,1.47813
2018-03-06,1.47875
2018-03-07,1.48219
2018-03-08,1.48000
2018-03-09,1.48250
2018-03-12,1.48344
2018-03-13,1.48875
2018-03-14,1.51563
2018-03-15,1.58906
2018-03-16,1.63000
2018-03-19,1.67734
2018-03-20,1.71088
2018-03-21,1.73125
2018-03-22,1.74163
2018-03-23,1.73688
2018-03-26,1.73625
2018-03-27,1.73125
2018-03-28,1.73875
2018-03-29,1.74500
2018-03-30,.
2018-04-02,.
2018-04-03,1.74063
2018-04-04,1.74375
2018-04-05,1.74375
2018-04-06,1.74375
2018-04-09,1.73938
2018-04-10,1.73938
2018-04-11,1.73938
2018-04-12,1.74000
2018-04-13,1.73875
2018-04-16,1.74250
2018-04-17,1.74188
2018-04-18,1.74250
2018-04-19,1.74250
2018-04-20,1.74250
2018-04-23,1.74375
2018-04-24,1.74250
2018-04-25,1.74750
2018-04-26,1.74938
2018-04-27,1.75188
2018-04-30,1.75000
2018-05-01,1.75048
2018-05-02,1.75128
2018-05-03,1.75375
2018-05-04,1.75500
2018-05-07,.
2018-05-08,1.75500
2018-05-09,1.75375
2018-05-10,1.75500
2018-05-11,1.75094
2018-05-14,1.75500
2018-05-15,1.75438
2018-05-16,1.75063
2018-05-17,1.75128
2018-05-18,1.75125
2018-05-21,1.75125
2018-05-22,1.75159
2018-05-23,1.75031
2018-05-24,1.75000
2018-05-25,1.75469
2018-05-28,.
2018-05-29,1.75438
2018-05-30,1.75000
2018-05-31,1.75156
2018-06-01,1.75406
2018-06-04,1.75188
2018-06-05,1.75188
2018-06-06,1.77261
2018-06-07,1.82625
2018-06-08,1.85999
2018-06-11,1.90688
2018-06-12,1.94094
2018-06-13,1.95500
2018-06-14,1.96600
2018-06-15,1.97188
2018-06-18,1.97188
2018-06-19,1.97438
2018-06-20,1.97256
2018-06-21,1.98244
2018-06-22,1.98538
2018-06-25,1.98750
2018-06-26,1.98688
2018-06-27,1.98106
2018-06-28,1.97969
2018-06-29,1.97906
2018-07-02,1.97688
2018-07-03,1.97306
2018-07-04,1.97263
2018-07-05,1.97269
2018-07-06,1.96875
2018-07-09,1.96000
2018-07-10,1.96163
2018-07-11,1.95675
2018-07-12,1.96388
2018-07-13,1.96463
2018-07-16,1.95650
2018-07-17,1.94913
2018-07-18,1.95213
2018-07-19,1.95413
2018-07-20,1.95263
2018-07-23,1.94938
2018-07-24,1.95000
2018-07-25,1.94338
2018-07-26,1.95275
2018-07-27,1.95325
2018-07-30,1.95538
2018-07-31,1.95363
2018-08-01,1.94525
2018-08-02,1.94900
2018-08-03,1.95025
2018-08-06,1.95050
2018-08-07,1.95000
2018-08-08,1.95138
2018-08-09,1.95425
2018-08-10,1.95188
2018-08-13,1.95288
2018-08-14,1.95163
2018-08-15,1.95200
2018-08-16,1.96006
2018-08-17,1.96269
2018-08-20,1.95719
2018-08-21,1.95325
2018-08-22,1.94900
2018-08-23,1.95513
2018-08-24,1.95900
2018-08-27,.
2018-08-28,1.95675
2018-08-29,1.95725
2018-08-30,1.95969
2018-08-31,1.96200
2018-09-03,1.95863
2018-09-04,1.96238
2018-09-05,1.95319
2018-09-06,1.96100
2018-09-07,1.95938
2018-09-10,1.96144
2018-09-11,1.96188
2018-09-12,1.95306
2018-09-13,1.96531
2018-09-14,1.96606
2018-09-17,1.96713
2018-09-18,1.97169
2018-09-19,1.97531
2018-09-20,2.04063
2018-09-21,2.08500
2018-09-24,2.12600
2018-09-25,2.16738
2018-09-26,2.16263
2018-09-27,2.19588
2018-09-28,2.19863
2018-10-01,2.20913
2018-10-02,2.21363
2018-10-03,2.20650
2018-10-04,2.20400
2018-10-05,2.20788
2018-10-08,2.20700
2018-10-09,2.21500
2018-10-10,2.20250
2018-10-11,2.20888
2018-10-12,2.20350
2018-10-15,2.21931
2018-10-16,2.21531
2018-10-17,2.20913
2018-10-18,2.21319
2018-10-19,2.21400
2018-10-22,2.21206
2018-10-23,2.21688
2018-10-24,2.21031
2018-10-25,2.21950
2018-10-26,2.21838
2018-10-29,2.22625
2018-10-30,2.22925
2018-10-31,2.21238
2018-11-01,2.21788
2018-11-02,2.21400
2018-11-05,2.21425
2018-11-06,2.21138
2018-11-07,2.21588
2018-11-08,2.21619
2018-11-09,2.21913
2018-11-12,2.21550
2018-11-13,2.21613
2018-11-14,2.20963
2018-11-15,2.21125
2018-11-16,2.21225
2018-11-19,2.21725
2018-11-20,2.21638
2018-11-21,2.22100
2018-11-22,2.22213
2018-11-23,2.22188
2018-11-26,2.21900
2018-11-27,2.23494
2018-11-28,2.22450
2018-11-29,2.22881
2018-11-30,2.22131
2018-12-03,2.21619
2018-12-04,2.22600
2018-12-05,2.22606
2018-12-06,2.23344
2018-12-07,2.21425
2018-12-10,2.21025
2018-12-11,2.20650
2018-12-12,2.21988
2018-12-13,2.27638
2018-12-14,2.28075
2018-12-17,2.29900
2018-12-18,.
2018-12-19,2.36813
2018-12-20,2.40838
2018-12-21,2.41600
2018-12-24,2.41863
2018-12-25,.
2018-12-26,.
2018-12-27,2.41963
2018-12-28,2.41588
2018-12-31,.
2019-01-01,.
2019-01-02,2.41475
2019-01-03,2.41325
2019-01-04,2.40975
